e,de,Kp,Kd
0x1 (POWERON_RESET),boot:0x13 (SPI_FAST_FLASH_BOOT)
configsip: 0, SPIWP:0xee
clk_drv:0x00,q_drv:0x00,d_drv:0x00,cs0_drv:0x00,hd_drv:0x00,wp_drv:0x00
mode:DIO, clock div:2
load:0x3fff0030,len:7176
load:0x40078000,len:15564
ho 0 tail 12 room 4
load:0x40080400,len:4
load:0x40080404,len:3904
entry 0x40080640
[0;32mI (31) boot: ESP-IDF v5.3.2-dirty 2nd stage bootloader[0m
[0;32mI (31) boot: compile time Nov  9 2025 18:24:13[0m
[0;32mI (31) boot: Multicore bootloader[0m
[0;32mI (36) boot: chip revision: v3.1[0m
[0;32mI (40) boot.esp32: SPI Speed      : 40MHz[0m
[0;32mI (44) boot.esp32: SPI Mode       : DIO[0m
[0;32mI (49) boot.esp32: SPI Flash Size : 2MB[0m
[0;32mI (53) boot: Enabling RNG early entropy source...[0m
[0;32mI (59) boot: Partition Table:[0m
[0;32mI (62) boot: ## Label            Usage          Type ST Offset   Length[0m
[0;32mI (70) boot:  0 nvs              WiFi data        01 02 00009000 00006000[0m
[0;32mI (77) boot:  1 phy_init         RF data          01 01 0000f000 00001000[0m
[0;32mI (85) boot:  2 factory          factory app      00 00 00010000 00100000[0m
[0;32mI (92) boot: End of partition table[0m
[0;32mI (96) esp_image: segment 0: paddr=00010020 vaddr=3f400020 size=1f0d8h (127192) map[0m
[0;32mI (148) esp_image: segment 1: paddr=0002f100 vaddr=3ffb0000 size=00f18h (  3864) load[0m
[0;32mI (150) esp_image: segment 2: paddr=00030020 vaddr=400d0020 size=93590h (603536) map[0m
[0;32mI (361) esp_image: segment 3: paddr=000c35b8 vaddr=3ffb0f18 size=032bch ( 12988) load[0m
[0;32mI (366) esp_image: segment 4: paddr=000c687c vaddr=40080000 size=18d8ch (101772) load[0m
[0;32mI (419) boot: Loaded app from partition at offset 0x10000[0m
[0;32mI (419) boot: Disabling RNG early entropy source...[0m
[0;32mI (431) cpu_start: Multicore app[0m
[0;32mI (440) cpu_start: Pro cpu start user code[0m
[0;32mI (440) cpu_start: cpu freq: 160000000 Hz[0m
[0;32mI (440) app_init: Application information:[0m
[0;32mI (443) app_init: Project name:     IDF_project[0m
[0;32mI (448) app_init: App version:      3264107-dirty[0m
[0;32mI (453) app_init: Compile time:     Jan 17 2026 12:50:13[0m
[0;32mI (459) app_init: ELF file SHA256:  25cbcea3f...[0m
[0;32mI (465) app_init: ESP-IDF:          v5.3.2-dirty[0m
[0;32mI (470) efuse_init: Min chip rev:     v0.0[0m
[0;32mI (475) efuse_init: Max chip rev:     v3.99 [0m
[0;32mI (480) efuse_init: Chip rev:         v3.1[0m
[0;32mI (485) heap_init: Initializing. RAM available for dynamic allocation:[0m
[0;32mI (492) heap_init: At 3FFAE6E0 len 00001920 (6 KiB): DRAM[0m
[0;32mI (498) heap_init: At 3FFB8540 len 00027AC0 (158 KiB): DRAM[0m
[0;32mI (504) heap_init: At 3FFE0440 len 00003AE0 (14 KiB): D/IRAM[0m
[0;32mI (510) heap_init: At 3FFE4350 len 0001BCB0 (111 KiB): D/IRAM[0m
[0;32mI (517) heap_init: At 40098D8C len 00007274 (28 KiB): IRAM[0m
[0;32mI (525) spi_flash: detected chip: generic[0m
[0;32mI (528) spi_flash: flash io: dio[0m
[0;33mW (532) spi_flash: Detected size(4096k) larger than the size in the binary image header(2048k). Using the size in the binary image header.[0m
[0;33mW (545) i2c: This driver is an old driver, please migrate your application code to adapt `driver/i2c_master.h`[0m
[0;32mI (556) main_task: Started on CPU0[0m
[0;32mI (566) main_task: Calling app_main()[0m
[0;32mI (566) MAIN: Connecting to WiFi...[0m
I (606) wifi:wifi driver task: 3ffc064c, prio:23, stack:6656, core=0
I (616) wifi:wifi firmware version: b0fd6006b
I (616) wifi:wifi certification version: v7.0
I (616) wifi:config NVS flash: enabled
I (616) wifi:config nano formating: disabled
I (626) wifi:Init data frame dynamic rx buffer num: 32
I (626) wifi:Init static rx mgmt buffer num: 5
I (636) wifi:Init management short buffer num: 32
I (636) wifi:Init dynamic tx buffer num: 32
I (636) wifi:Init static rx buffer size: 1600
I (646) wifi:Init static rx buffer num: 10
I (646) wifi:Init dynamic rx buffer num: 32
[0;32mI (656) wifi_init: rx ba win: 6[0m
[0;32mI (656) wifi_init: accept mbox: 6[0m
[0;32mI (656) wifi_init: tcpip mbox: 32[0m
[0;32mI (666) wifi_init: udp mbox: 6[0m
[0;32mI (666) wifi_init: tcp mbox: 6[0m
[0;32mI (666) wifi_init: tcp tx win: 5760[0m
[0;32mI (676) wifi_init: tcp rx win: 5760[0m
[0;32mI (676) wifi_init: tcp mss: 1440[0m
[0;32mI (686) wifi_init: WiFi IRAM OP enabled[0m
[0;32mI (686) wifi_init: WiFi RX IRAM OP enabled[0m
[0;32mI (696) phy_init: phy_version 4840,02e0d70,Sep  2 2024,19:39:07[0m
I (776) wifi:mode : sta (1c:69:20:ca:90:9c)
I (776) wifi:enable tsf
[0;32mI (776) WEBSERVER: WiFi initialization finished.[0m
I (786) wifi:new:<11,0>, old:<1,0>, ap:<255,255>, sta:<11,0>, prof:6, snd_ch_cfg:0x0
I (786) wifi:state: init -> auth (0xb0)
I (796) wifi:state: auth -> assoc (0x0)
I (796) wifi:state: assoc -> run (0x10)
I (806) wifi:state: run -> init (0x2c0)
I (816) wifi:new:<11,0>, old:<11,0>, ap:<255,255>, sta:<11,0>, prof:6, snd_ch_cfg:0x0
[0;32mI (816) WEBSERVER: Retry to connect to the AP[0m
[0;32mI (816) WEBSERVER: Connect to the AP fail[0m
[0;32mI (3226) WEBSERVER: Retry to connect to the AP[0m
[0;32mI (3226) WEBSERVER: Connect to the AP fail[0m
I (3236) wifi:new:<11,0>, old:<11,0>, ap:<255,255>, sta:<11,0>, prof:6, snd_ch_cfg:0x0
I (3236) wifi:state: init -> auth (0xb0)
I (3256) wifi:state: auth -> assoc (0x0)
I (3266) wifi:state: assoc -> run (0x10)
I (3296) wifi:connected with nminh, aid = 1, channel 11, BW20, bssid = 2a:c9:75:6b:7a:38
I (3296) wifi:security: WPA2-PSK, phy: bgn, rssi: -62
I (3296) wifi:pm start, type: 1

I (3296) wifi:dp: 1, bi: 102400, li: 3, scale listen interval from 307200 us to 307200 us
I (3386) wifi:dp: 2, bi: 102400, li: 4, scale listen interval from 307200 us to 409600 us
I (3386) wifi:AP's beacon interval = 102400 us, DTIM period = 2
[0;32mI (4306) esp_netif_handlers: sta ip: 10.160.158.155, mask: 255.255.255.0, gw: 10.160.158.119[0m
Got IP: 10.160.158.155
[0;32mI (4306) WEBSERVER: Connected to AP SSID:nminh[0m
[0;32mI (4306) MAIN: WiFi connected! Starting web server...[0m
[0;32mI (5316) WEBSERVER: [34mPID loaded from NVS - Kp: 24.10, Ki: 65.50, Kd: 1.050, Kx: 0.65, Fuzzy: ON, NN: OFF[0m[0m
[0;32mI (5316) WEBSERVER: Starting HTTP server on port 80[0m
[0;32mI (5326) WEBSERVER: Web server started successfully![0m
[0;32mI (5326) MAIN: Web server started. Access PID tuning at http://[ESP32_IP][0m
[0;32mI (5836) MOTOR: Initializing LEDC for motor control[0m
[0;32mI (5836) MOTOR: LEDC PWM initialized successfully (20kHz, 8-bit resolution)[0m
[0;32mI (5936) gpio: GPIO[2]| InputEn: 0| OutputEn: 1| OpenDrain: 0| Pullup: 0| Pulldown: 0| Intr:0 [0m
[0;32mI (5936) GPIO: LED GPIO initialized[0m
[0;32mI (5936) gpio: GPIO[15]| InputEn: 1| OutputEn: 0| OpenDrain: 0| Pullup: 1| Pulldown: 0| Intr:1 [0m
[0;32mI (5946) GPIO: Button GPIO initialized[0m
[0;32mI (8246) MAIN: I2C initialized successfully[0m
[0;32mI (8546) MPU6050: Starting gyro calibration...[0m
[0;32mI (13206) MPU6050: MPU6050 initialized and calibrated done![0m
[0;32mI (13206) MPU6050: Gyro offsets - X: -404.30, Y: -75.41, Z: 23.47[0m
Target: 0.00, Max Speed: 255.0, Min Speed: 80.0
Robot ready. Press the button to start balancing...
13.03137,-150.00000,35.000,1.700
12.22431,16.16253,35.000,1.700
10.80740,73.77840,35.000,1.700
8.96886,102.16926,35.000,1.700
7.00228,111.07711,35.000,1.700
4.97088,110.88326,35.000,1.700
3.36057,81.44695,35.000,1.700
2.50348,45.08732,35.000,1.700
2.37639,19.05018,35.000,1.700
2.45283,7.86716,35.000,1.700
2.44042,10.36474,35.000,1.700
2.67177,0.86030,22.500,0.850
2.90303,-1.49719,22.500,0.850
3.23436,-5.57810,22.500,0.850
3.77913,-14.33777,27.922,1.219
3.93636,1.88630,22.500,0.850
4.06804,4.19307,22.500,0.850
4.44997,-5.30126,22.500,0.850
4.63618,-0.68212,22.500,0.850
4.78317,-6.01605,22.500,0.850
4.95331,-8.00906,22.500,0.850
4.84387,2.77573,22.500,0.850
4.51505,13.70792,35.000,1.700
3.88442,27.96680,35.000,1.700
3.28088,29.73493,35.000,1.700
3.14950,11.20227,35.000,1.700
3.15117,2.17396,22.500,0.850
3.03911,4.91712,22.500,0.850
3.00338,2.41237,22.500,0.850
2.50636,20.36343,35.000,1.700
1.73238,35.03207,35.000,1.700
1.19797,28.38264,35.000,1.700
0.84507,15.09566,32.086,1.502
0.83801,7.89434,32.267,1.514
0.89434,-0.57047,21.168,0.759
0.79378,3.90834,16.428,0.437
0.55944,10.15550,29.493,1.326
0.25022,14.39975,26.360,1.112
-0.20566,16.25046,25.595,1.060
-0.39418,5.21514,28.750,1.275
-0.34326,-6.32412,22.500,0.850
-0.21434,-10.90111,23.786,0.937
-0.12763,-1.01717,11.726,0.117
-0.53336,11.59976,29.167,1.303
-0.95883,13.31431,34.275,1.651
-1.21471,5.56711,35.000,1.700
-1.22392,-5.69793,22.500,0.850
-1.15656,-9.42063,22.500,0.850
-1.15133,-7.42532,22.500,0.850
-1.24846,-3.01762,22.500,0.850
-1.44111,1.36208,22.500,0.850
-1.70773,4.75817,22.500,0.850
-2.08914,9.54451,35.000,1.700
-2.64292,14.84942,35.000,1.700
-3.07448,9.47509,35.000,1.700
-2.80085,-20.13232,35.000,1.700
-2.08331,-40.55100,35.000,1.700
-1.83574,-22.58157,35.000,1.700
-1.76212,-13.22000,26.525,1.124
-1.58200,-15.93531,29.919,1.355
-1.63412,-6.85524,22.500,0.850
-1.91358,3.77250,22.500,0.850
-2.45004,15.34249,35.000,1.700
-2.79789,6.54918,35.000,1.700
-2.65825,-14.56084,28.201,1.238
-2.29502,-24.89109,35.000,1.700
-2.22528,-14.18764,27.735,1.206
-2.50889,1.72826,22.500,0.850
-3.25820,22.81539,35.000,1.700
-3.73150,10.82959,35.000,1.700
-3.16894,-32.79484,35.000,1.700
-1.79951,-65.89867,35.000,1.700
-0.28536,-66.72574,26.067,1.093
0.95325,-54.97473,34.416,1.660
1.84004,-35.36688,35.000,1.700
1.46138,19.19949,35.000,1.700
0.13176,62.38352,24.147,0.962
-1.09671,54.17174,35.000,1.700
-1.92228,32.40723,35.000,1.700
-1.77431,-10.44644,23.058,0.888
-0.82544,-46.11700,32.818,1.552
0.31708,-48.15342,26.464,1.120
1.37309,-44.12989,35.000,1.700
2.24305,-32.57438,35.000,1.700
1.91909,18.07629,35.000,1.700
0.74923,56.74407,31.865,1.487
-0.34606,47.51715,26.826,1.144
-0.91386,24.40096,33.923,1.627
-1.35246,14.22657,35.000,1.700
-1.58741,4.00039,22.500,0.850
-1.82059,3.64728,22.500,0.850
-2.32957,14.33948,35.000,1.700
-2.43514,2.14489,22.500,0.850
-2.34216,-3.29005,22.500,0.850
-2.45776,3.96608,22.500,0.850
-2.85942,16.85962,35.000,1.700
-2.74583,-1.17189,22.500,0.850
-2.17038,-23.25234,35.000,1.700
-1.86752,-16.76502,30.956,1.425
-1.65278,-11.94240,24.928,1.015
-1.63338,-3.16461,22.500,0.850
-1.84102,7.67279,35.000,1.700
-1.92074,4.72313,22.500,0.850
-2.00076,4.14546,22.500,0.850
-2.35880,15.15069,35.000,1.700
-2.59414,12.44407,35.000,1.700
-2.21831,-12.54437,25.680,1.066
-1.42624,-34.19176,35.000,1.700
-0.85569,-24.86192,33.196,1.577
-0.31539,-21.64427,26.442,1.118
0.07316,-14.65603,24.005,0.952
0.28743,-6.29536,22.500,0.850
0.40838,-1.10209,15.105,0.347
0.37089,5.98772,28.750,1.275
0.24664,10.68414,25.583,1.060
-0.07534,10.39150,23.442,0.914
-0.35551,8.32025,26.944,1.152
-0.61946,6.82732,28.750,1.275
-0.88722,6.28174,31.181,1.440
-1.15119,5.46599,35.000,1.700
-1.41443,4.57342,22.500,0.850
-1.49042,3.75064,22.500,0.850
-1.54623,2.98275,22.500,0.850
-1.58149,2.00710,22.500,0.850
-1.60362,1.28654,22.500,0.850
-1.60626,0.36290,22.500,0.850
-1.59364,-0.43234,22.500,0.850
-1.56555,-1.21010,22.500,0.850
-1.51877,-2.11309,22.500,0.850
-1.45810,-2.84944,22.500,0.850
-1.37716,-3.80735,22.500,0.850
-1.27808,-4.72500,22.500,0.850
-1.15597,-5.82940,22.500,0.850
-1.01230,-6.91269,22.500,0.850
-0.84435,-8.10026,22.500,0.850
-0.65009,-9.39055,22.500,0.850
-0.42409,-10.91826,24.219,0.967
-0.05215,-12.69366,23.333,0.907
0.37432,-14.68549,27.666,1.201
0.87615,-17.13543,31.419,1.457
1.46936,-19.94808,34.935,1.696
2.15088,-22.26597,35.000,1.700
2.88005,-23.11344,35.000,1.700
3.21790,-6.16386,22.500,0.850
2.95625,17.81087,35.000,1.700
3.22799,1.02446,22.500,0.850
3.82898,-15.57910,29.474,1.324
4.51544,-18.96066,33.701,1.612
4.63253,5.39639,35.000,1.700
3.46931,60.28141,35.000,1.700
1.69566,88.38495,35.000,1.700
0.57855,53.06419,29.732,1.342
0.15197,20.38636,24.400,0.979
0.26108,-5.52317,22.500,0.850
0.96488,-24.06086,34.561,1.670
1.87625,-33.37062,35.000,1.700
2.93201,-37.89404,35.000,1.700
3.31974,-9.64924,22.500,0.850
2.62220,34.83323,35.000,1.700
2.21505,29.37619,35.000,1.700
1.91665,23.66383,35.000,1.700
1.89632,11.35884,35.000,1.700
2.10850,0.69671,22.500,0.850
2.45137,-6.67494,22.500,0.850
2.96113,-13.78399,27.230,1.172
3.83915,-28.61037,35.000,1.700
3.71780,13.00106,35.000,1.700
2.76574,50.91077,35.000,1.700
1.37973,70.53230,35.000,1.700
0.21202,52.56708,25.150,1.030
-0.61206,36.46890,30.151,1.370
-1.29579,26.56863,35.000,1.700
-1.37656,-0.73204,22.500,0.850
-0.84589,-27.37613,33.074,1.569
-0.05088,-32.10895,23.136,0.893
0.87758,-37.71097,33.470,1.596
2.26323,-53.74577,35.000,1.700
2.62218,-11.47582,24.345,0.975
1.61265,45.89594,35.000,1.700
0.50827,47.82870,28.853,1.282
-0.61605,47.64848,30.201,1.374
-1.48675,35.43321,35.000,1.700
-1.50054,-2.82156,22.500,0.850
-0.87788,-31.52901,33.473,1.596
-0.25036,-25.91529,25.630,1.063
0.14315,-15.42110,25.111,1.028
0.41159,-8.41344,22.500,0.850
0.62508,-4.97725,16.250,0.425
0.83333,-4.30578,16.250,0.425
0.97328,-1.27121,22.068,0.821
1.17133,-2.59897,22.500,0.850
0.91286,10.24562,33.911,1.626
0.53442,17.18676,29.180,1.304
-0.16451,26.67122,24.556,0.990
-1.25344,42.88010,35.000,1.700
-2.73082,56.79164,35.000,1.700
-3.96958,47.27237,35.000,1.700
-4.42402,13.76024,35.000,1.700
-4.23844,-18.54314,33.179,1.576
-3.31306,-51.13605,35.000,1.700
-2.23940,-59.10468,35.000,1.700
-1.29115,-44.19675,35.000,1.700
-0.83316,-21.17799,32.915,1.558
-0.75193,-2.82940,17.955,0.541
-1.46278,22.86483,35.000,1.700
-2.47748,35.90927,35.000,1.700
-3.27344,26.62773,35.000,1.700
-3.20595,-10.41843,23.023,0.886
-2.41208,-41.70411,35.000,1.700
-1.94670,-32.04379,35.000,1.700
-1.81028,-16.96065,31.201,1.442
-2.01255,-1.39574,22.500,0.850
-2.62079,17.29977,35.000,1.700
-3.20723,15.97535,35.000,1.700
-4.01057,23.39292,35.000,1.700
-3.34245,-35.91840,35.000,1.700
-1.99159,-68.61378,35.000,1.700
-0.57732,-63.38927,29.717,1.341
0.45533,-45.94180,28.192,1.237
0.90229,-18.92516,33.656,1.609
0.90955,3.58492,19.473,0.644
0.54900,20.32898,29.362,1.317
-0.15314,27.22016,24.414,0.980
-1.12013,38.11674,35.000,1.700
-1.79390,24.56436,35.000,1.700
-2.68883,30.67070,35.000,1.700
-2.77919,-2.56174,22.500,0.850
-2.30525,-27.10369,35.000,1.700
-2.06258,-21.36228,35.000,1.700
-1.92587,-16.04441,30.056,1.364
-2.04026,-4.94359,22.500,0.850
-2.41104,7.22144,35.000,1.700
-3.06943,18.16967,35.000,1.700
-3.32477,13.79883,35.000,1.700
-2.04464,-48.44563,35.000,1.700
-0.36798,-71.81605,27.100,1.163
0.91809,-57.45216,33.976,1.630
1.55304,-25.74619,35.000,1.700
0.77103,35.82097,32.138,1.505
-1.15239,78.16363,35.000,1.700
-2.86752,70.46342,35.000,1.700
-3.28016,16.72600,35.000,1.700
-1.53235,-67.10851,35.000,1.700
1.54283,-128.78818,35.000,1.700
3.70193,-98.24146,35.000,1.700
3.60070,-1.73531,22.500,0.850
1.75227,82.42957,35.000,1.700
-0.54362,99.68139,29.295,1.312
-1.99891,65.81678,35.000,1.700
-2.17784,6.44843,35.000,1.700
-0.97037,-56.10395,34.630,1.675
1.19907,-90.36258,35.000,1.700
2.71367,-64.78488,35.000,1.700
2.14935,23.48817,35.000,1.700
-0.01787,97.65860,22.723,0.865
-1.67241,76.74267,35.000,1.700
-2.75644,44.83784,35.000,1.700
-2.00162,-34.97498,35.000,1.700
0.21949,-100.76696,25.244,1.037
2.23380,-90.39029,35.000,1.700
3.07547,-37.87285,35.000,1.700
2.24758,39.25134,35.000,1.700
0.24918,92.78775,25.615,1.062
-1.06874,61.90974,35.000,1.700
-1.78144,28.77765,35.000,1.700
-0.96435,-37.33326,34.554,1.670
1.06259,-82.61404,35.000,1.700
2.33152,-53.40533,35.000,1.700
1.96653,17.64594,35.000,1.700
0.38317,73.32821,27.290,1.176
-0.53243,42.81654,29.155,1.303
-1.07420,22.00376,35.000,1.700
-1.15214,-0.91378,22.500,0.850
-0.76979,-21.19702,32.122,1.504
-0.22561,-21.26505,25.320,1.042
0.32026,-20.84152,26.503,1.122
0.85484,-19.46537,33.186,1.577
1.47092,-20.96972,35.000,1.700
2.20820,-24.59520,35.000,1.700
2.77893,-16.91723,31.147,1.438
2.87663,3.09243,22.500,0.850
2.82493,10.41654,35.000,1.700
3.34013,-9.75742,22.500,0.850
3.98885,-19.00864,33.761,1.616
4.68749,-18.39894,32.999,1.564
4.18912,30.12711,35.000,1.700
2.91681,66.45962,35.000,1.700
1.60369,60.87239,35.000,1.700
0.30763,57.08726,26.345,1.111
-0.20846,24.69969,25.106,1.027
-0.29503,2.38581,14.509,0.307
-0.15391,-9.79213,22.500,0.850
0.42931,-20.67111,27.866,1.215
1.40688,-36.86786,35.000,1.700
2.33066,-33.87804,35.000,1.700
2.87455,-16.61597,30.770,1.412
2.81829,9.36747,35.000,1.700
2.47334,24.52315,35.000,1.700
2.37516,15.62647,35.000,1.700
2.52180,4.68746,22.500,0.850
2.95279,-9.08019,22.500,0.850
3.75406,-25.48073,35.000,1.700
5.20929,-49.44911,35.000,1.700
4.85142,18.29716,35.000,1.700
3.29384,76.94861,35.000,1.700
0.80613,109.70152,32.577,1.535
-0.74583,71.93340,31.823,1.484
-0.08410,-23.53259,23.551,0.921
2.15974,-89.03523,35.000,1.700
4.49652,-97.40891,35.000,1.700
4.51236,-10.67765,23.347,0.908
3.47846,39.22059,35.000,1.700
1.84293,73.26512,35.000,1.700
0.23968,71.16463,25.496,1.054
-0.77314,46.64667,32.164,1.507
-0.96891,7.63076,34.303,1.653
-0.29597,-32.23732,26.200,1.102
0.62120,-37.27218,30.265,1.378
1.77943,-45.61341,35.000,1.700
2.39513,-21.79480,35.000,1.700
2.08503,14.14958,35.000,1.700
0.95851,47.89065,34.481,1.665
-0.23643,50.48476,25.455,1.051
-1.10672,37.34275,35.000,1.700
-1.48919,12.85496,35.000,1.700
-0.84884,-31.41932,33.111,1.572
0.23924,-44.29806,25.490,1.053
1.21648,-40.72709,35.000,1.700
2.00841,-29.38815,35.000,1.700
2.14282,-1.67416,22.500,0.850
1.47839,26.24266,35.000,1.700
1.02351,23.44353,35.000,1.700
0.47890,21.90186,28.486,1.257
-0.00364,18.57438,22.553,0.854
-0.37620,13.39816,27.202,1.170
-0.80429,14.04214,31.909,1.490
-1.14212,9.43544,35.000,1.700
-1.49930,8.77504,35.000,1.700
-1.56525,-3.62503,22.500,0.850
-1.64889,-3.48097,22.500,0.850
-1.78690,-1.38389,22.500,0.850
-2.00716,2.05848,22.500,0.850
-2.31392,5.77822,35.000,1.700
-2.68676,6.77702,35.000,1.700
-2.72501,-7.21481,22.500,0.850
-2.42751,-20.69234,35.000,1.700
-2.65097,-2.26043,22.500,0.850
-3.27296,16.93489,35.000,1.700
-3.66359,6.86234,35.000,1.700
-3.20236,-29.04126,35.000,1.700
-1.93748,-64.16534,35.000,1.700
-0.66259,-57.23146,30.782,1.413
0.48318,-49.63472,28.540,1.261
1.33436,-35.46791,35.000,1.700
1.50541,-3.76318,22.500,0.850
0.75311,35.70804,31.914,1.490
-0.07151,34.18724,23.394,0.911
-0.90334,33.97371,33.792,1.618
-1.59862,25.60335,35.000,1.700
-2.17622,18.45944,35.000,1.700
-2.17348,-6.61826,22.500,0.850
-1.70893,-26.61213,35.000,1.700
-1.60196,-14.74613,28.433,1.253
-1.63101,-7.61142,22.500,0.850
-1.84462,1.02581,22.500,0.850
-2.35926,14.13326,35.000,1.700
-3.69073,45.93475,35.000,1.700
-3.62061,-7.48995,22.500,0.850
-2.25601,-64.51931,35.000,1.700
-0.54523,-75.31185,29.315,1.313
1.19500,-75.80595,35.000,1.700
2.45585,-51.96022,35.000,1.700
2.70832,-6.65784,22.500,0.850
2.86050,0.55615,22.500,0.850
4.34207,-51.32396,35.000,1.700
5.58042,-45.92697,35.000,1.700
5.97848,-11.23551,24.044,0.955
5.32024,36.83798,35.000,1.700
4.27672,60.18347,35.000,1.700
3.22864,60.88899,35.000,1.700
2.73967,36.60565,35.000,1.700
2.86649,8.43035,35.000,1.700
3.70475,-22.81412,35.000,1.700
3.91880,0.39064,22.500,0.850
3.52564,24.93520,35.000,1.700
3.64466,8.98491,35.000,1.700
3.81574,5.41437,35.000,1.700
3.79151,13.16853,35.000,1.700
3.51267,24.14050,35.000,1.700
3.00353,31.48357,35.000,1.700
2.65982,20.04531,35.000,1.700
2.56607,7.75915,35.000,1.700
2.74453,-5.58678,22.500,0.850
3.16731,-18.02834,32.535,1.532
3.33066,-10.13977,22.675,0.862
3.25878,0.84698,22.500,0.850
3.50786,-9.79383,22.500,0.850
4.22776,-30.75452,35.000,1.700
4.61617,-21.68716,35.000,1.700
3.81899,27.54951,35.000,1.700
2.04307,76.54671,35.000,1.700
0.71545,60.87459,31.443,1.458
0.26314,22.31046,25.789,1.074
0.30153,-2.35945,14.543,0.309
0.74595,-13.61847,27.023,1.158
1.41177,-23.05025,35.000,1.700
2.49874,-38.91714,35.000,1.700
2.78965,-18.74564,33.432,1.593
2.28276,16.52659,35.000,1.700
1.40776,38.30509,35.000,1.700
0.64569,32.62396,30.571,1.399
0.26685,16.25564,26.238,1.104
-0.03399,10.33708,22.925,0.879
-0.17952,3.00006,13.872,0.263
-0.11683,-6.43778,22.500,0.850
0.28379,-12.80603,26.019,1.089
0.94320,-23.42495,34.290,1.652
1.70357,-26.88334,35.000,1.700
2.60992,-34.55698,35.000,1.700
2.75122,-12.56354,25.704,1.068
2.09565,23.71034,35.000,1.700
1.89683,12.69485,35.000,1.700
1.84924,4.44271,22.500,0.850
2.09586,-8.97628,22.500,0.850
2.55703,-20.24239,35.000,1.700
2.64182,-7.43985,22.500,0.850
2.72646,-4.87379,22.500,0.850
3.13996,-17.51459,31.893,1.489
3.48886,-17.45875,31.823,1.484
3.55196,-6.01600,22.500,0.850
2.91368,24.32788,35.000,1.700
2.88072,6.18403,35.000,1.700
3.08937,-7.10890,22.500,0.850
3.48422,-17.21579,31.520,1.463
3.73815,-13.60070,27.001,1.156
3.67894,-0.35141,22.500,0.850
3.68044,-0.13062,22.500,0.850
3.95027,-10.81902,23.524,0.920
4.49726,-24.04364,35.000,1.700
4.85663,-19.18354,33.979,1.631
4.25515,20.22249,35.000,1.700
3.24333,44.51733,35.000,1.700
1.94017,61.02988,35.000,1.700
1.03250,42.21103,35.000,1.700
0.42071,26.62031,27.759,1.208
0.03734,15.19665,23.338,0.907
0.09165,-4.18778,14.509,0.307
0.48355,-12.01907,26.013,1.089
1.14476,-23.10426,35.000,1.700
2.10575,-34.39190,35.000,1.700
2.63814,-23.97261,35.000,1.700
2.79647,-11.12793,23.910,0.946
2.54153,7.97216,35.000,1.700
2.75813,-7.06963,22.500,0.850
3.20725,-19.37868,34.223,1.647
3.49455,-15.36794,29.210,1.306
3.55461,-5.47598,22.500,0.850
3.44994,3.09174,22.500,0.850
3.80438,-13.55938,26.949,1.153
4.57029,-33.34829,35.000,1.700
5.00530,-24.06974,35.000,1.700
4.27291,24.48150,35.000,1.700
2.86066,61.38651,35.000,1.700
1.67200,55.24205,35.000,1.700
0.64497,45.85239,30.562,1.398
0.28410,16.83799,26.169,1.099
0.35025,-4.23309,16.250,0.425
1.07021,-24.88577,35.000,1.700
2.13969,-39.06530,35.000,1.700
3.07690,-36.17126,35.000,1.700
3.15755,-10.46003,23.075,0.889
2.43418,26.84291,35.000,1.700
2.56035,0.32155,22.500,0.850
2.86497,-12.12035,25.150,1.030
3.56211,-30.30967,35.000,1.700
4.11212,-28.06234,35.000,1.700
4.18933,-8.70079,22.500,0.850
3.45409,27.66925,35.000,1.700
3.28754,12.19582,35.000,1.700
3.50802,-6.38000,22.500,0.850
4.00461,-21.13957,35.000,1.700
5.12544,-49.06106,35.000,1.700
4.94405,-2.55655,22.500,0.850
4.10862,32.90559,35.000,1.700
3.64666,25.05979,35.000,1.700
3.56317,8.35143,35.000,1.700
3.96886,-14.55730,28.197,1.237
4.06619,-6.80465,22.500,0.850
4.53164,-19.97908,34.974,1.698
4.36219,2.78225,22.500,0.850
4.26271,4.53565,22.500,0.850
4.87785,-23.69852,35.000,1.700
4.03084,29.14066,35.000,1.700
3.01507,46.45897,35.000,1.700
1.51688,69.21944,35.000,1.700
-0.43998,84.25786,28.000,1.224
-2.34795,82.53790,35.000,1.700
-3.14962,34.70247,35.000,1.700
-1.84288,-58.88724,35.000,1.700
0.94026,-116.81396,34.253,1.649
3.04626,-93.73093,35.000,1.700
3.13792,-8.54048,22.500,0.850
2.24396,42.63809,35.000,1.700
1.53509,40.18456,35.000,1.700
0.75517,34.08929,31.940,1.492
0.03129,29.96677,22.891,0.877
-0.75107,31.54539,31.888,1.488
-1.51147,28.51596,35.000,1.700
-1.60350,-0.48247,22.500,0.850
-1.54049,-8.90936,22.500,0.850
-1.88373,6.12222,35.000,1.700
-2.22888,6.52579,35.000,1.700
-2.14662,-11.18445,23.981,0.951
-2.18794,-7.15962,22.500,0.850
-2.51652,5.01392,35.000,1.700
-3.02590,11.77078,35.000,1.700
-3.40950,6.49604,35.000,1.700
-3.32637,-13.47038,26.838,1.145
-3.05399,-21.95864,35.000,1.700
-3.16701,-8.00709,22.500,0.850
-3.76751,14.56075,35.000,1.700
-3.87994,-5.46296,22.500,0.850
-3.59215,-21.45247,35.000,1.700
-3.67840,-10.04996,22.562,0.854
-3.83553,-4.12288,22.500,0.850
-4.22630,5.95038,35.000,1.700
-4.40440,-4.63532,22.500,0.850
-3.96642,-27.97474,35.000,1.700
-3.57065,-30.74279,35.000,1.700
-3.08561,-33.85746,35.000,1.700
-2.75162,-25.36397,35.000,1.700
-2.65956,-8.75508,22.500,0.850
-2.61900,-3.37337,22.500,0.850
-2.84191,8.24170,35.000,1.700
-2.73884,-2.47442,22.500,0.850
-2.48382,-10.69595,23.370,0.909
-2.38852,-5.95112,22.500,0.850
-2.45046,1.28745,22.500,0.850
-2.61988,7.03411,35.000,1.700
-2.69546,4.43021,22.500,0.850
-2.64834,-0.99872,22.500,0.850
-2.66337,0.40129,22.500,0.850
-2.86821,8.27393,35.000,1.700
-2.81191,-0.59719,22.500,0.850
-2.41845,-15.85779,29.822,1.348
-2.33762,-6.40491,22.500,0.850
-2.39384,0.96783,22.500,0.850
-2.63226,9.73036,35.000,1.700
-2.79573,8.48509,35.000,1.700
-2.60010,-6.12830,22.500,0.850
-1.84874,-31.27998,35.000,1.700
-1.44610,-22.36175,35.000,1.700
-1.17601,-15.27585,29.095,1.298
-0.96813,-11.37056,24.213,0.966
-0.89005,-5.39708,22.500,0.850
-1.01046,3.73686,22.500,0.850
-1.24164,9.99459,35.000,1.700
-1.66077,18.76402,35.000,1.700
-1.84730,11.21430,35.000,1.700
-2.01586,8.98492,35.000,1.700
-1.96955,-0.05543,22.500,0.850
-1.60438,-14.61767,28.272,1.243
-1.56637,-4.44395,22.500,0.850
-1.67943,3.63361,22.500,0.850
-1.99975,13.53957,35.000,1.700
-2.17874,9.86745,35.000,1.700
-2.05884,-2.82250,22.500,0.850
-1.73959,-13.33431,26.668,1.133
-1.57912,-9.08580,22.500,0.850
-1.58076,-1.75167,22.500,0.850
-1.76988,7.21449,35.000,1.700
-1.99070,10.27561,35.000,1.700
-2.28383,13.78036,35.000,1.700
-2.20799,-0.27737,22.500,0.850
-1.76882,-17.62247,32.028,1.498
-1.63185,-9.00331,22.500,0.850
-1.68727,0.41617,22.500,0.850
-1.92508,9.59584,35.000,1.700
-2.37731,20.00824,35.000,1.700
-2.37119,3.75702,22.500,0.850
-1.77108,-23.25296,35.000,1.700
-1.42925,-18.32388,32.905,1.558
-1.29575,-9.00476,22.500,0.850
-1.22873,-4.48187,22.500,0.850
-1.25632,0.20721,22.500,0.850
-1.42813,6.91370,35.000,1.700
-1.79786,16.17210,35.000,1.700
-1.89467,7.10693,35.000,1.700
-1.88196,0.91283,22.500,0.850
-1.70369,-6.94836,22.500,0.850
-1.68583,-2.10391,22.500,0.850
-1.93264,9.45182,35.000,1.700
-2.18381,11.93706,35.000,1.700
-2.39598,10.87397,35.000,1.700
-1.96859,-14.92046,28.651,1.268
-1.23761,-32.22352,35.000,1.700
-0.75108,-20.93115,31.889,1.488
-0.36232,-14.99279,27.748,1.207
-0.19772,-4.79323,16.250,0.425
-0.36642,1.37347,14.580,0.311
-0.71266,9.45836,31.408,1.456
-1.21734,16.65273,35.000,1.700
-2.05196,36.71561,35.000,1.700
-2.31520,17.87266,35.000,1.700
-1.51098,-28.59429,35.000,1.700
-0.12169,-61.29058,24.021,0.953
1.25904,-60.11665,35.000,1.700
2.98302,-68.67393,35.000,1.700
2.37153,24.59694,35.000,1.700
0.40140,90.31717,27.517,1.191
-1.27079,75.34724,35.000,1.700
-2.18410,37.86216,35.000,1.700
-1.72383,-22.85051,35.000,1.700
0.01572,-78.94058,22.697,0.863
1.57824,-70.20972,35.000,1.700
2.50070,-37.08767,35.000,1.700
1.56617,42.50419,35.000,1.700
-0.64549,91.66657,30.569,1.399
-2.06520,62.72181,35.000,1.700
-2.46484,14.65786,35.000,1.700
-1.20878,-50.21058,35.000,1.700
1.19948,-99.67854,35.000,1.700
2.84023,-71.69343,35.000,1.700
2.55331,11.01008,35.000,1.700
0.79551,80.70923,32.444,1.526
-0.41667,54.98014,27.708,1.204
-1.32179,38.61930,35.000,1.700
-1.63194,9.68967,35.000,1.700
-1.26105,-21.25299,35.000,1.700
-0.72723,-30.39113,31.590,1.468
-0.04559,-27.81428,23.070,0.889
0.55161,-23.81113,29.395,1.319
1.18918,-23.32265,35.000,1.700
1.86566,-22.95060,35.000,1.700
1.88925,4.49267,22.500,0.850
1.38946,27.34714,35.000,1.700
1.01156,25.05487,35.000,1.700
0.45280,22.61893,28.160,1.235
-0.07484,20.45185,23.436,0.914
-0.57484,18.62621,29.685,1.339
-1.08083,17.32814,35.000,1.700
-1.66722,18.90885,35.000,1.700
-1.93631,5.27051,35.000,1.700
-1.90883,-8.57143,22.500,0.850
-1.57373,-15.94115,29.926,1.355
-1.43313,-8.81240,22.500,0.850
-1.52401,1.87289,22.500,0.850
-1.72020,8.22229,35.000,1.700
-2.12710,17.92030,35.000,1.700
-1.74099,-11.86028,24.825,1.008
-0.86311,-37.48743,33.289,1.584
-0.04767,-34.09637,23.096,0.891
0.67234,-29.67593,30.904,1.421
1.28359,-22.60776,35.000,1.700
1.80068,-16.31876,30.398,1.387
2.12142,-7.53204,22.500,0.850
2.53418,-10.71852,23.398,0.911
3.06583,-15.30236,29.128,1.301
3.63273,-15.44386,29.305,1.313
3.81385,0.91271,22.500,0.850
3.60679,17.44284,35.000,1.700
3.68261,10.06191,35.000,1.700
3.78694,8.27230,35.000,1.700
3.51992,23.13280,35.000,1.700
3.04590,32.50175,35.000,1.700
2.80709,23.19843,35.000,1.700
2.87870,9.32666,35.000,1.700
3.23581,-3.44863,22.500,0.850
3.73558,-12.20837,25.260,1.038
4.41620,-19.49188,34.365,1.657
4.42936,9.44711,35.000,1.700
3.34887,57.02100,35.000,1.700
1.46569,92.18624,35.000,1.700
0.00615,66.73212,22.577,0.855
-0.30683,18.41646,26.335,1.111
-0.26223,-4.00500,16.250,0.425
-0.06150,-13.52342,23.584,0.924
0.44862,-18.37868,28.108,1.231
1.07615,-22.50936,35.000,1.700
1.96568,-31.60040,35.000,1.700
2.51406,-17.23804,31.548,1.465
2.33641,13.69881,35.000,1.700
1.89165,28.06380,35.000,1.700
1.51314,26.11162,35.000,1.700
1.21785,21.85204,35.000,1.700
0.93558,17.13181,33.964,1.630
0.56696,18.17115,29.587,1.332
0.11006,17.15313,24.167,0.963
-0.31014,15.13337,27.208,1.170
-0.65596,11.08518,30.700,1.408
-0.97038,8.49758,34.492,1.665
-1.25121,5.99013,35.000,1.700
-1.56568,6.48853,35.000,1.700
-1.80560,2.96105,22.500,0.850
-1.90999,-1.93508,22.500,0.850
-2.10548,0.83632,22.500,0.850
-2.37626,4.03056,22.500,0.850
-2.74603,8.14837,35.000,1.700
-2.98273,0.76603,22.500,0.850
-2.87982,-12.00145,25.002,1.020
-2.99810,-5.27220,22.500,0.850
-3.37110,6.08774,35.000,1.700
-3.69719,2.92766,22.500,0.850
-3.38338,-20.97956,35.000,1.700
-3.02152,-27.52408,35.000,1.700
-2.54826,-31.99486,35.000,1.700
-2.41127,-18.12360,32.654,1.541
-2.59514,-3.54345,22.500,0.850
-2.97942,7.46048,35.000,1.700
-3.24649,1.46002,22.500,0.850
-3.00832,-17.62806,32.035,1.498
-2.86666,-17.34949,31.687,1.475
-2.71348,-17.49884,31.874,1.487
-2.81799,-6.96037,22.500,0.850
-3.04774,0.31874,22.500,0.850
-3.49812,9.98160,35.000,1.700
-3.82383,8.45327,35.000,1.700
-2.51867,-50.51554,35.000,1.700
-0.13354,-105.50850,24.169,0.964
1.69138,-84.39376,35.000,1.700
2.65786,-41.66588,35.000,1.700
1.82651,38.18645,35.000,1.700
-0.31707,88.97498,26.463,1.120
-1.52737,55.97953,35.000,1.700
-1.78268,8.97152,35.000,1.700
-0.90613,-41.84357,33.827,1.620
0.84274,-71.95100,33.034,1.566
2.65351,-74.82388,35.000,1.700
2.16218,18.56333,35.000,1.700
0.56308,74.42728,29.539,1.329
-0.65136,54.63660,30.642,1.404
-1.11555,19.88529,35.000,1.700
-0.98810,-9.43605,22.500,0.850
-0.66597,-19.89766,30.825,1.416
-0.34931,-11.87788,25.300,1.040
0.07064,-14.63000,23.953,0.949
0.39882,-10.85417,24.055,0.956
0.64931,-6.75185,22.500,0.850
0.80666,-2.18454,19.305,0.633
0.95927,-1.26797,21.853,0.806
1.10393,-0.49216,22.500,0.850
1.23726,0.29441,22.500,0.850
1.36510,0.79801,22.500,0.850
1.51674,0.08008,22.500,0.850
1.72197,-1.98458,22.500,0.850
1.99405,-4.73282,22.500,0.850
2.33616,-7.61924,22.500,0.850
2.75041,-10.53019,23.163,0.895
3.23917,-13.32607,26.658,1.133
3.73590,-12.66368,25.830,1.076
3.94959,-0.73759,22.500,0.850
3.99870,7.10870,35.000,1.700
3.97127,13.82689,35.000,1.700
3.16767,45.54409,35.000,1.700
2.04042,60.37002,35.000,1.700
0.94507,49.83807,34.313,1.653
-0.02649,41.75955,22.831,0.873
-0.76379,31.47692,32.047,1.499
-1.23144,16.75071,35.000,1.700
-1.07669,-11.08732,23.859,0.942
-0.63085,-25.23084,30.386,1.386
-0.13373,-19.71907,24.172,0.964
0.39514,-19.88897,27.439,1.186
0.95390,-20.10330,34.424,1.661
1.55956,-20.29221,35.000,1.700
2.30254,-24.57987,35.000,1.700
2.37799,3.07526,22.500,0.850
1.82290,29.93905,35.000,1.700
1.64488,18.16276,35.000,1.700
1.65906,8.87064,35.000,1.700
1.72250,5.92581,35.000,1.700
2.07855,-5.97328,22.500,0.850
2.56487,-13.47492,26.844,1.145
3.23721,-20.65171,35.000,1.700
3.37504,2.78224,22.500,0.850
2.33745,50.41433,35.000,1.700
1.28819,47.48943,35.000,1.700
0.19013,47.12925,24.877,1.012
-0.75816,40.66910,31.977,1.494
-1.40560,25.05221,35.000,1.700
-1.40791,-4.24035,22.500,0.850
-1.24517,-13.23674,26.546,1.125
-1.52754,3.30749,22.500,0.850
-1.96155,11.64723,35.000,1.700
-2.38068,9.93078,35.000,1.700
-2.81745,9.65376,35.000,1.700
-2.81408,-8.81338,22.500,0.850
-2.34830,-27.78273,35.000,1.700
-2.38686,-10.26800,22.835,0.873
-2.82177,8.51207,35.000,1.700
-3.45323,16.45119,35.000,1.700
-3.68126,-0.03721,22.500,0.850
-2.72066,-47.28741,35.000,1.700
-1.98923,-43.87392,35.000,1.700
-1.31380,-31.16698,35.000,1.700
-0.78258,-22.75221,32.282,1.515
-0.65839,-4.66516,16.250,0.425
-0.99195,7.58347,34.808,1.687
-1.68468,22.29958,35.000,1.700
-2.24979,17.44233,35.000,1.700
-2.43446,0.62455,22.500,0.850
-2.15440,-18.43673,33.046,1.567
-2.22938,-7.34123,22.500,0.850
-2.50476,2.80573,22.500,0.850
-3.12729,17.91445,35.000,1.700
-3.54878,8.47965,35.000,1.700
-3.07835,-29.01452,35.000,1.700
-1.85399,-62.30721,35.000,1.700
-0.64657,-54.17411,30.582,1.400
0.57778,-52.40782,29.722,1.341
1.58669,-41.72629,35.000,1.700
1.66074,-0.07779,22.500,0.850
0.60988,48.40752,30.123,1.368
-0.55039,49.13620,29.380,1.318
-1.44331,36.78945,35.000,1.700
-1.98307,18.44622,35.000,1.700
-1.80766,-13.16113,26.451,1.119
-1.04488,-39.29528,35.000,1.700
-0.19260,-35.95370,24.908,1.014
0.39105,-24.46294,27.388,1.182
0.99844,-22.67912,34.981,1.699
1.54426,-18.02234,32.528,1.532
2.05592,-15.48427,29.355,1.316
2.27394,-3.07396,22.500,0.850
2.20068,9.59286,35.000,1.700
2.19627,9.75009,35.000,1.700
2.18277,10.12211,35.000,1.700
2.16474,10.31723,35.000,1.700
2.18389,8.81705,35.000,1.700
2.26295,6.29587,35.000,1.700
2.42183,2.98378,22.500,0.850
2.61676,-0.02343,22.500,0.850
2.88035,-2.99204,22.500,0.850
3.22576,-6.39893,22.500,0.850
3.64893,-9.61041,22.500,0.850
4.13965,-12.28848,25.361,1.045
4.52047,-6.92908,22.500,0.850
4.37834,14.50513,35.000,1.700
3.91588,32.74629,35.000,1.700
2.93500,54.56364,35.000,1.700
2.10015,49.20116,35.000,1.700
1.19494,41.14398,35.000,1.700
0.63481,24.75361,30.435,1.390
0.20183,17.09760,25.268,1.038
-0.02485,7.44373,23.105,0.891
-0.04332,-2.51372,11.002,0.068
0.18776,-14.11473,25.523,1.056
0.70842,-18.22599,31.355,1.452
1.30772,-20.61710,35.000,1.700
2.05608,-25.30939,35.000,1.700
2.30962,-4.59607,22.500,0.850
1.95476,20.66816,35.000,1.700
1.81184,16.01184,35.000,1.700
1.83101,8.75656,35.000,1.700
2.05483,-0.17322,22.500,0.850
2.46483,-9.82336,22.500,0.850
2.79568,-15.19875,28.998,1.292
3.01912,-11.97731,24.972,1.018
2.89927,2.39870,22.500,0.850
2.83898,2.89121,22.500,0.850
3.09907,-9.82535,22.500,0.850
3.35304,-12.12387,25.155,1.031
3.62996,-13.50147,26.877,1.148
3.46500,3.89779,22.500,0.850
2.86409,24.81608,35.000,1.700
2.55935,17.15307,35.000,1.700
2.66722,-0.88439,22.500,0.850
2.83614,-6.93358,22.500,0.850
3.07118,-10.78855,23.486,0.917
3.46244,-17.80779,32.260,1.514
3.33568,1.50868,22.500,0.850
2.40645,37.47089,35.000,1.700
1.81622,31.10363,35.000,1.700
1.32930,25.69753,35.000,1.700
0.75263,28.20622,31.908,1.490
0.45631,12.16227,28.204,1.238
0.27787,5.09926,28.750,1.275
0.51943,-4.20937,16.250,0.425
0.73613,-4.60156,16.250,0.425
0.86809,-5.73774,22.500,0.850
0.93792,-3.94090,19.667,0.657
0.98252,-2.57210,22.066,0.820
1.01428,-1.78481,22.500,0.850
1.01037,-0.20067,22.500,0.850
0.96917,1.60802,21.957,0.813
0.90344,2.95102,20.116,0.688
0.79822,4.79889,16.250,0.425
0.65915,6.52236,28.750,1.275
0.48410,8.30675,28.551,1.261
0.27265,10.11914,25.908,1.082
-0.10385,12.52088,24.024,0.954
-0.53368,14.55992,29.171,1.304
-1.04551,17.15229,35.000,1.700
-1.65194,19.76055,35.000,1.700
-2.28375,19.89421,35.000,1.700
-2.63233,7.38832,35.000,1.700
-2.63966,-8.27642,22.500,0.850
-2.38738,-18.94664,33.683,1.610
-2.68358,0.99203,22.500,0.850
-3.40851,21.51280,35.000,1.700
-4.09972,19.11972,35.000,1.700
-3.82363,-21.09156,35.000,1.700
-2.68358,-59.50383,35.000,1.700
-1.00591,-74.26344,35.000,1.700
0.14098,-51.42346,24.262,0.970
0.56423,-19.96354,29.553,1.330
1.21934,-23.49418,35.000,1.700
1.86739,-21.77434,35.000,1.700
2.39029,-15.34974,29.187,1.305
2.51660,1.11436,22.500,0.850
3.00203,-11.81356,24.767,1.004
3.55166,-15.30575,29.132,1.301
3.78217,-1.21573,22.500,0.850
3.71858,11.33638,35.000,1.700
3.63821,15.86588,35.000,1.700
3.19254,30.19227,35.000,1.700
2.37574,38.71049,35.000,1.700
1.83180,29.49965,35.000,1.700
1.52158,18.30853,35.000,1.700
1.44524,6.71559,35.000,1.700
1.54497,-2.64635,22.500,0.850
1.95986,-17.12472,31.406,1.456
2.49936,-25.00505,35.000,1.700
2.47101,-3.86676,22.500,0.850
1.90426,21.89667,35.000,1.700
1.65758,14.24638,35.000,1.700
1.56402,6.59155,35.000,1.700
1.69496,-3.91928,22.500,0.850
2.04995,-14.98351,28.729,1.274
2.57356,-23.94105,35.000,1.700
2.77993,-13.04276,26.303,1.109
2.26179,18.11684,35.000,1.700
1.74242,24.39817,35.000,1.700
1.58755,11.07467,35.000,1.700
1.61420,1.14859,22.500,0.850
1.89080,-10.83419,23.543,0.921
2.51381,-27.08700,35.000,1.700
2.39262,-0.57009,22.500,0.850
1.83682,22.11822,35.000,1.700
1.62030,13.08443,35.000,1.700
1.55677,5.15800,35.000,1.700
1.16650,16.64231,35.000,1.700
0.67107,23.14567,30.888,1.420
-0.17043,33.27518,24.630,0.995
-1.14939,39.43002,35.000,1.700
-2.02487,32.72438,35.000,1.700
-2.82320,27.24426,35.000,1.700
-3.27771,11.38206,35.000,1.700
-3.19830,-12.54531,25.682,1.066
-2.90268,-22.42630,35.000,1.700
-2.95368,-10.25005,22.813,0.871
-3.33975,5.86099,35.000,1.700
-3.85034,10.34315,35.000,1.700
-3.88906,-9.02489,22.500,0.850
-3.15212,-39.97568,35.000,1.700
-2.58627,-37.28556,35.000,1.700
-2.22827,-27.60529,35.000,1.700
-2.18050,-13.47342,26.842,1.145
-2.43097,0.62754,22.500,0.850
-2.87676,10.60038,35.000,1.700
-3.22562,5.26485,35.000,1.700
-3.22384,-9.99877,22.500,0.850
-2.38530,-43.37714,35.000,1.700
-1.71855,-40.39328,35.000,1.700
-0.97024,-33.35926,34.628,1.675
-0.25218,-29.83081,25.652,1.064
0.42917,-27.49285,27.865,1.215
0.99525,-21.32254,34.941,1.696
1.62425,-21.21363,35.000,1.700
1.69945,2.15568,22.500,0.850
1.20947,26.36288,35.000,1.700
0.54778,27.25299,29.347,1.316
-0.25728,32.22509,25.716,1.069
-1.08145,32.75452,35.000,1.700
-2.07622,37.00269,35.000,1.700
-2.20305,0.74897,22.500,0.850
-1.35741,-40.75909,35.000,1.700
-0.49340,-37.17518,28.668,1.269
0.28827,-32.55228,26.103,1.095
1.04631,-30.13144,35.000,1.700
1.51568,-15.67031,29.588,1.332
1.38278,10.10867,35.000,1.700
1.32906,10.22073,35.000,1.700
1.19609,13.30031,35.000,1.700
1.03649,14.44438,35.000,1.700
0.59365,25.59107,29.921,1.355
-0.31858,36.33599,26.482,1.121
-1.28854,39.03914,35.000,1.700
-2.05969,28.23818,35.000,1.700
-2.08716,-4.13865,22.500,0.850
-1.44215,-33.34370,35.000,1.700
-0.73916,-30.09849,31.739,1.478
-0.26655,-19.42772,25.832,1.077
0.11738,-14.12756,24.582,0.992
0.28838,-4.39125,16.250,0.425
0.40994,-1.03513,15.124,0.348
0.27102,10.05892,25.888,1.080
-0.21249,16.79052,25.479,1.053
-1.07502,32.25137,35.000,1.700
-1.98982,33.66064,35.000,1.700
-2.35028,9.89691,35.000,1.700
-1.64161,-36.10952,35.000,1.700
-0.26666,-57.65420,25.833,1.077
1.04392,-56.59971,35.000,1.700
2.00074,-38.01642,35.000,1.700
1.52644,23.04346,35.000,1.700
0.19307,63.07069,24.913,1.014
-1.02560,53.79138,35.000,1.700
-1.62842,23.59136,35.000,1.700
-1.17547,-23.03394,35.000,1.700
-0.07427,-53.11459,23.428,0.913
0.98161,-45.96249,34.770,1.684
1.56526,-22.11814,35.000,1.700
1.27773,16.45550,35.000,1.700
0.66439,33.08770,30.805,1.415
-0.36128,41.85785,27.016,1.157
-1.48900,45.96439,35.000,1.700
-2.50799,38.51453,35.000,1.700
-2.83503,8.09521,35.000,1.700
-2.25157,-32.21775,35.000,1.700
-1.57812,-39.04081,35.000,1.700
-1.67421,0.99313,22.500,0.850
-2.97121,45.63118,35.000,1.700
-4.96360,74.94999,35.000,1.700
-5.00869,2.92142,22.500,0.850
-4.34137,-36.72827,35.000,1.700
-3.03601,-62.39866,35.000,1.700
-1.72790,-64.80414,35.000,1.700
-0.37122,-60.17271,27.140,1.166
0.93485,-56.65821,34.186,1.645
1.85398,-36.93754,35.000,1.700
0.94565,40.24379,34.321,1.654
-1.57372,102.61665,35.000,1.700
-3.51682,84.37505,35.000,1.700
-4.12949,27.50986,35.000,1.700
-3.41706,-26.17616,35.000,1.700
-1.26094,-91.48003,35.000,1.700
0.28161,-69.58673,26.020,1.089
1.05554,-35.99980,35.000,1.700
0.90832,8.37983,33.507,1.598
0.01914,42.52214,22.739,0.866
-1.11538,47.55305,35.000,1.700
-1.92612,31.06655,35.000,1.700
-2.14247,3.97507,22.500,0.850
-1.40068,-35.03448,35.000,1.700
-0.57881,-34.95832,29.735,1.342
0.25976,-34.56793,25.747,1.071
0.98288,-29.10886,34.786,1.685
1.54506,-19.42821,34.285,1.651
1.56053,4.47474,22.500,0.850
1.01123,28.92233,35.000,1.700
0.27444,30.15460,25.930,1.083
-0.39843,27.20387,27.480,1.189
-1.15655,29.05870,35.000,1.700
-2.09815,34.23421,35.000,1.700
-2.31972,4.19709,22.500,0.850
-1.51848,-34.44039,35.000,1.700
-0.83805,-29.46032,32.976,1.562
-0.06957,-31.27877,23.370,0.909
0.38613,-18.67337,27.327,1.178
1.08268,-25.47364,35.000,1.700
1.59363,-16.76375,30.955,1.425
1.85010,-5.27650,22.500,0.850
1.80907,7.44640,35.000,1.700
1.87489,5.96449,35.000,1.700
1.79583,11.72535,35.000,1.700
1.69188,13.19144,35.000,1.700
1.54633,14.81240,35.000,1.700
1.36516,16.13549,35.000,1.700
1.26445,12.71483,35.000,1.700
1.24381,8.95196,35.000,1.700
1.30753,5.13418,35.000,1.700
1.44793,1.77756,22.500,0.850
1.64272,-1.39412,22.500,0.850
1.91379,-4.69443,22.500,0.850
2.26288,-7.99090,22.500,0.850
2.69554,-11.41207,24.265,0.970
3.26349,-16.48985,30.612,1.402
3.69144,-9.37158,22.500,0.850
3.86182,0.61393,22.500,0.850
4.41218,-12.84091,26.051,1.091
4.97009,-13.51760,26.897,1.149
4.65625,22.31924,35.000,1.700
3.54441,60.09101,35.000,1.700
2.54994,57.34019,35.000,1.700
2.25253,18.56497,35.000,1.700
2.89802,-15.18264,28.978,1.291
3.84895,-31.08748,35.000,1.700
4.82806,-37.45011,35.000,1.700
3.71711,36.94778,35.000,1.700
1.42557,99.05122,35.000,1.700
0.10676,61.25832,23.835,0.941
0.04196,7.83988,23.360,0.908
0.30190,-13.51574,26.471,1.120
0.97027,-23.82446,34.628,1.675
1.68439,-24.98454,35.000,1.700
2.59499,-32.38524,35.000,1.700
2.55722,-4.96627,22.500,0.850
1.45081,43.26324,35.000,1.700
0.66146,34.63604,30.768,1.412
-0.03334,28.81322,22.917,0.878
-0.70597,26.89771,31.325,1.450
-1.25845,19.80173,35.000,1.700
-1.46031,3.45545,22.500,0.850
-1.16554,-17.39876,31.748,1.479
-0.81526,-22.45634,32.691,1.543
-0.09833,-28.38129,23.729,0.934
0.61949,-28.72161,30.244,1.377
1.48491,-32.84033,35.000,1.700
2.46448,-35.53465,35.000,1.700
2.77216,-7.08363,22.500,0.850
1.84593,39.89790,35.000,1.700
1.02840,36.15358,35.000,1.700
0.32686,29.55499,26.586,1.128
-0.32266,26.19888,26.533,1.124
-0.89530,21.72559,33.691,1.611
-1.27511,11.64047,35.000,1.700
-1.36018,-2.12677,22.500,0.850
-0.98551,-21.32978,34.819,1.688
-0.33450,-25.86279,26.681,1.134
0.43571,-30.51830,27.946,1.220
1.39598,-37.47412,35.000,1.700
2.37248,-36.07931,35.000,1.700
2.62970,-5.29871,22.500,0.850
1.40277,52.43895,35.000,1.700
0.32391,47.11152,26.549,1.125
-0.78011,46.81468,32.251,1.513
-1.47131,27.43489,35.000,1.700
-1.05894,-20.69632,35.000,1.700
-0.11055,-46.52912,23.882,0.944
0.88082,-42.36278,33.510,1.599
1.26075,-14.02778,27.535,1.192
0.94405,17.01275,34.076,1.637
0.48791,26.23501,28.599,1.265
-0.43801,36.88576,27.975,1.222
-1.33057,35.60826,35.000,1.700
-1.75707,14.00314,35.000,1.700
-1.79583,-4.64147,22.500,0.850
-2.34786,14.81742,35.000,1.700
-3.46442,37.43353,35.000,1.700
-4.62204,39.91940,35.000,1.700
-5.52556,30.25281,35.000,1.700
-5.76859,1.89964,22.500,0.850
-5.11659,-37.20071,35.000,1.700
-4.15172,-56.69483,35.000,1.700
-2.98744,-64.91988,35.000,1.700
-1.85490,-53.61771,35.000,1.700
-1.23445,-29.76297,35.000,1.700
-1.01034,-10.16167,22.702,0.864
-1.40684,8.70639,35.000,1.700
-2.11129,22.08341,35.000,1.700
-2.74493,19.34825,35.000,1.700
-3.01639,3.36019,22.500,0.850
-2.89938,-12.20775,25.260,1.038
-2.87477,-11.07295,23.841,0.941
-3.23313,4.60633,22.500,0.850
-3.89042,18.69028,35.000,1.700
-4.37306,9.55598,35.000,1.700
-3.51913,-45.81065,35.000,1.700
-1.66358,-90.19857,35.000,1.700
-0.22425,-66.08687,25.303,1.041
0.28306,-25.72544,26.038,1.091
0.42548,-4.56283,16.250,0.425
0.18999,13.34088,25.275,1.039
-0.24824,15.35288,26.460,1.119
-0.50258,7.59994,28.782,1.277
-0.65812,2.07472,17.890,0.536
-0.29170,-19.29515,26.146,1.098
0.69555,-38.25851,31.194,1.441
2.02446,-52.27772,35.000,1.700
2.98403,-35.79701,35.000,1.700
2.00262,45.44089,35.000,1.700
0.56539,61.83608,29.567,1.331
0.17687,19.98954,24.711,1.000
0.58244,-17.42682,29.780,1.345
1.58714,-37.10265,35.000,1.700
2.53333,-34.46314,35.000,1.700
2.97378,-12.14786,25.185,1.033
3.53976,-15.96014,29.950,1.357
4.27726,-21.39283,35.000,1.700
4.56682,-1.99158,22.500,0.850
4.57176,9.43784,35.000,1.700
5.05871,-5.40655,22.500,0.850
5.58616,-11.38546,24.232,0.968
6.09765,-10.42166,23.027,0.886
6.14600,8.47414,35.000,1.700
5.73974,31.81743,35.000,1.700
4.59856,64.34851,35.000,1.700
2.72249,95.45922,35.000,1.700
1.54583,58.59603,35.000,1.700
0.96944,27.94840,34.618,1.674
0.97359,0.35243,22.155,0.827
1.46754,-14.17808,27.723,1.205
2.31547,-29.25791,35.000,1.700
3.05272,-23.86856,35.000,1.700
3.34236,-3.99484,22.500,0.850
2.86186,27.04861,35.000,1.700
2.86012,8.20128,35.000,1.700
2.96152,-2.41563,22.500,0.850
3.32654,-15.08416,28.855,1.282
3.88804,-25.47653,35.000,1.700
4.00728,-9.86508,22.500,0.850
3.09013,34.71325,35.000,1.700
2.37905,35.38582,35.000,1.700
2.03336,20.90443,35.000,1.700
1.52821,24.38718,35.000,1.700
0.73479,36.61429,31.685,1.475
-0.49683,50.56475,28.710,1.272
-1.66141,48.06875,35.000,1.700
-2.23078,20.42512,35.000,1.700
-1.54280,-33.92035,35.000,1.700
-0.35938,-49.56945,26.992,1.155
-0.13788,-11.83350,24.306,0.973
-0.95829,35.24554,34.479,1.665
-2.36746,54.07484,35.000,1.700
-3.16570,28.88424,35.000,1.700
-2.79884,-21.94822,35.000,1.700
-1.58004,-60.79296,35.000,1.700
-0.44615,-50.54826,28.077,1.229
0.21387,-29.23445,25.173,1.032
-0.17526,15.80289,25.399,1.047
-1.77459,61.63947,35.000,1.700
-4.11585,92.54711,35.000,1.700
-5.14521,45.81176,35.000,1.700
-5.46507,8.08489,35.000,1.700
-4.91672,-34.18886,35.000,1.700
-3.64337,-68.32358,35.000,1.700
-2.22994,-75.17250,35.000,1.700
-0.87063,-62.34879,33.383,1.590
-0.10096,-34.97950,23.762,0.936
0.17536,-12.12815,24.777,1.005
0.21108,1.39569,12.831,0.193
-0.28650,24.66730,26.081,1.094
-1.17628,34.29856,35.000,1.700
-2.02314,30.97064,35.000,1.700
-2.78270,25.50813,35.000,1.700
-2.89950,-2.23541,22.500,0.850
-2.50397,-24.06617,35.000,1.700
-2.82937,1.30886,22.500,0.850
-3.37750,14.31152,35.000,1.700
-3.47912,-5.18186,22.500,0.850
-2.53679,-47.09872,35.000,1.700
-1.08513,-72.31232,35.000,1.700
0.35182,-62.96693,26.898,1.149
0.72939,-18.88825,31.617,1.470
0.70592,4.27387,16.250,0.425
0.55041,11.95234,29.380,1.318
0.16147,22.32285,24.518,0.987
-0.58757,29.09061,29.845,1.349
-1.07798,17.99295,35.000,1.700
-1.36513,7.01459,35.000,1.700
-1.51918,-0.03329,22.500,0.850
-1.62601,-1.94337,22.500,0.850
-1.76618,-1.03454,22.500,0.850
-2.02150,3.53995,22.500,0.850
-2.35601,7.09847,35.000,1.700
-2.55964,0.07042,22.500,0.850
-2.56210,-7.37569,22.500,0.850
-2.63872,-5.55709,22.500,0.850
-2.83414,-0.54706,22.500,0.850
-2.86022,0.93376,22.500,0.850
-3.07555,8.79996,35.000,1.700
-3.22629,7.78933,35.000,1.700
-3.07335,-4.55950,22.500,0.850
-3.13953,1.73500,22.500,0.850
-3.35301,8.88644,35.000,1.700
-3.51663,8.32186,35.000,1.700
-3.63121,6.24773,35.000,1.700
-3.31447,-11.42017,24.275,0.971
-2.83715,-21.37667,35.000,1.700
-2.83989,-4.16589,22.500,0.850
-3.00860,5.91543,35.000,1.700
-3.41515,17.44480,35.000,1.700
-3.67393,13.84028,35.000,1.700
-3.61281,0.32351,22.500,0.850
-3.27814,-13.32217,26.653,1.132
-3.28103,-2.54877,22.500,0.850
-3.47290,7.16478,35.000,1.700
-3.49332,2.24997,22.500,0.850
-3.24362,-9.53829,22.500,0.850
-3.36479,2.93913,22.500,0.850
-3.39833,1.92942,22.500,0.850
-3.38145,-0.28909,22.500,0.850
-3.22164,-6.45040,22.500,0.850
-3.08215,-6.86974,22.500,0.850
-3.07502,-1.65881,22.500,0.850
-3.10378,0.81855,22.500,0.850
-3.13957,1.59520,22.500,0.850
-3.08450,-1.88364,22.500,0.850
-3.02744,-2.65927,22.500,0.850
-3.01109,-1.18567,22.500,0.850
-3.03797,0.83790,22.500,0.850
-3.09860,2.59291,22.500,0.850
-3.15302,2.69517,22.500,0.850
-3.21290,2.93455,22.500,0.850
-3.25721,2.35916,22.500,0.850
-3.26245,0.68157,22.500,0.850
-3.22932,-1.18892,22.500,0.850
-3.17787,-2.29599,22.500,0.850
-3.11366,-3.02754,22.500,0.850
-3.06905,-2.38978,22.500,0.850
-3.03643,-1.78301,22.500,0.850
-3.03117,-0.56666,22.500,0.850
-3.05548,0.85872,22.500,0.850
-3.05909,0.31637,22.500,0.850
-3.04855,-0.35833,22.500,0.850
-3.01690,-1.33790,22.500,0.850
-2.97693,-1.86607,22.500,0.850
-2.91809,-2.72707,22.500,0.850
-2.84838,-3.33371,22.500,0.850
-2.75819,-4.27451,22.500,0.850
-2.65552,-4.96164,22.500,0.850
-2.53748,-5.71369,22.500,0.850
-2.40624,-6.39249,22.500,0.850
-2.25694,-7.25033,22.500,0.850
-2.08419,-8.36031,22.500,0.850
-1.89141,-9.38299,22.500,0.850
-1.67248,-10.63377,23.292,0.904
-1.42544,-12.00835,25.010,1.021
-1.14697,-13.54056,26.926,1.151
-0.82908,-15.42375,29.280,1.311
-0.46037,-17.83314,28.255,1.241
0.08174,-20.40167,23.522,0.919
0.70955,-23.71643,31.369,1.453
1.46672,-27.59254,35.000,1.700
2.10550,-21.37343,35.000,1.700
2.79207,-21.39983,35.000,1.700
3.31921,-13.71858,27.148,1.166
3.32584,7.11543,35.000,1.700
3.29895,12.52492,35.000,1.700
3.28597,12.49924,35.000,1.700
3.50164,3.32552,22.500,0.850
3.87630,-5.83555,22.500,0.850
4.95672,-35.01932,35.000,1.700
5.99081,-34.49519,35.000,1.700
6.43338,-10.73018,23.413,0.912
6.46636,9.61328,35.000,1.700
6.56487,11.85420,35.000,1.700
5.92609,41.79419,35.000,1.700
5.35943,42.79518,35.000,1.700
4.53712,52.05019,35.000,1.700
3.94287,42.35714,35.000,1.700
3.47728,35.03848,35.000,1.700
3.09926,29.85943,35.000,1.700
2.69133,29.12976,35.000,1.700
2.39324,17.74955,35.000,1.700
2.36828,4.54814,22.500,0.850
2.46810,-3.08316,22.500,0.850
2.81627,-14.54333,28.179,1.236
3.41918,-27.02508,35.000,1.700
3.76679,-19.30948,34.137,1.641
3.04078,25.17860,35.000,1.700
1.66995,59.86875,35.000,1.700
0.33146,58.80309,26.643,1.132
-0.55580,39.76081,29.448,1.322
-0.89182,13.28985,33.264,1.582
-0.52947,-18.94538,29.118,1.300
0.32012,-32.91953,26.501,1.122
1.31129,-39.40754,35.000,1.700
2.32901,-38.09747,35.000,1.700
2.72888,-16.37019,30.463,1.391
2.17788,18.76585,35.000,1.700
1.24141,41.21212,35.000,1.700
0.59430,28.32576,29.929,1.355
-0.00736,24.26009,22.592,0.856
-0.50738,19.36179,28.842,1.281
-1.12587,22.11427,35.000,1.700
-1.48296,10.16571,35.000,1.700
-1.23748,-15.90175,29.877,1.352
-1.01156,-17.41121,31.764,1.480
-0.81035,-16.22879,30.286,1.379
-0.64519,-14.32128,27.902,1.217
-0.54990,-11.05874,24.518,0.987
-0.52340,-7.76420,22.500,0.850
-0.55032,-5.10909,22.500,0.850
-0.61989,-3.02828,16.365,0.433
-0.73294,-0.91592,19.162,0.623
-0.89016,1.02030,20.984,0.747
-1.08942,2.76502,22.500,0.850
-1.34009,4.76655,22.500,0.850
-1.63895,6.69492,35.000,1.700
-1.99715,7.57550,35.000,1.700
-2.37210,7.65781,35.000,1.700
-2.57700,0.14879,22.500,0.850
-2.51475,-9.97191,22.500,0.850
-2.72594,-0.51553,22.500,0.850
-3.27515,14.20065,35.000,1.700
-3.59609,3.77644,22.500,0.850
-3.18573,-24.58727,35.000,1.700
-2.77500,-29.49066,35.000,1.700
-2.33036,-30.59196,35.000,1.700
-2.09905,-21.33060,35.000,1.700
-2.23280,-5.29209,22.500,0.850
-2.52325,3.71938,22.500,0.850
-3.10844,16.53301,35.000,1.700
-3.43823,4.70820,22.500,0.850
-2.60590,-37.28529,35.000,1.700
-1.70560,-43.46922,35.000,1.700
-0.70402,-43.63242,31.300,1.448
0.23349,-39.63541,25.419,1.048
0.98735,-31.14596,34.842,1.689
1.77677,-28.72053,35.000,1.700
2.14483,-10.07568,22.595,0.856
2.08660,7.77202,35.000,1.700
2.48347,-6.71285,22.500,0.850
3.03839,-15.83880,29.799,1.346
3.66174,-17.66447,32.081,1.501
3.72950,5.94230,35.000,1.700
3.11853,36.53038,35.000,1.700
2.17162,52.09387,35.000,1.700
1.56225,29.75899,35.000,1.700
1.48107,13.77309,35.000,1.700
1.86254,-6.60578,22.500,0.850
2.57209,-22.76600,35.000,1.700
3.49719,-30.20037,35.000,1.700
3.78723,-3.84069,22.500,0.850
2.75455,49.70402,35.000,1.700
2.05280,43.01113,35.000,1.700
1.43320,28.96489,35.000,1.700
1.23813,17.99805,35.000,1.700
1.22332,9.23695,35.000,1.700
1.49017,-2.99987,22.500,0.850
2.03584,-16.11201,30.140,1.370
3.02654,-33.96006,35.000,1.700
3.62254,-17.37408,31.718,1.477
3.36464,18.83710,35.000,1.700
2.55714,45.08364,35.000,1.700
1.83685,42.87972,35.000,1.700
0.92218,40.34248,34.027,1.634
0.16183,32.25183,24.523,0.988
-0.61799,31.77467,30.225,1.375
-1.39148,29.54889,35.000,1.700
-1.85606,14.75896,35.000,1.700
-1.70724,-12.25166,25.315,1.041
-1.35263,-22.64369,35.000,1.700
-1.19297,-15.74879,29.686,1.339
-1.18093,-8.76274,22.500,0.850
-1.20594,-6.14475,22.500,0.850
-1.32158,-2.14698,22.500,0.850
-1.42043,-2.34569,22.500,0.850
-1.47846,-4.13014,22.500,0.850
-1.41346,-9.39666,22.500,0.850
-1.17221,-17.17701,31.471,1.460
-0.72655,-26.25631,31.582,1.468
0.19706,-36.67912,24.963,1.018
1.21520,-41.81515,35.000,1.700
2.14799,-35.14384,35.000,1.700
2.65863,-15.76256,29.703,1.340
2.34234,19.29580,35.000,1.700
1.93750,27.08011,35.000,1.700
1.70634,20.19913,35.000,1.700
1.60433,13.85298,35.000,1.700
1.70999,4.66995,22.500,0.850
1.95057,-2.46037,22.500,0.850
2.39555,-11.43789,24.297,0.972
3.03806,-19.86323,34.829,1.688
3.33907,-4.08279,22.500,0.850
2.79330,28.28908,35.000,1.700
2.47506,18.38732,35.000,1.700
2.14787,16.76513,35.000,1.700
2.05532,7.05511,35.000,1.700
2.04021,2.01518,22.500,0.850
2.11535,-2.60249,22.500,0.850
2.31899,-8.66609,22.500,0.850
2.65445,-15.15173,28.940,1.288
2.86712,-11.53682,24.421,0.981
2.94896,-5.58123,22.500,0.850
3.14803,-9.07895,22.500,0.850
3.42746,-12.99281,26.241,1.104
3.77327,-16.43125,30.539,1.397
3.44281,9.93229,35.000,1.700
2.56256,37.19635,35.000,1.700
1.39826,54.01128,35.000,1.700
0.24769,50.14044,25.596,1.061
-0.82242,45.93281,32.780,1.549
-1.37950,21.42918,35.000,1.700
-1.07455,-16.54795,30.685,1.407
-0.09132,-47.51817,23.641,0.928
1.08380,-49.87606,35.000,1.700
1.86968,-30.38220,35.000,1.700
1.99503,-0.36884,22.500,0.850
1.44777,28.62754,35.000,1.700
1.00080,25.55151,35.000,1.700
0.50242,20.23584,28.780,1.277
0.09507,15.36990,24.380,0.978
-0.18375,9.08216,24.797,1.006
-0.36720,4.15862,16.250,0.425
-0.37996,-3.42967,16.250,0.425
-0.31647,-7.83408,22.500,0.850
-0.12165,-13.73661,24.533,0.988
0.28021,-13.89348,26.432,1.117
0.73168,-15.23843,29.048,1.295
1.26156,-17.66077,32.076,1.501
1.86940,-19.85031,34.813,1.687
2.93810,-38.14443,35.000,1.700
2.47662,10.83041,35.000,1.700
0.92289,64.31541,34.036,1.634
-0.14916,47.38469,24.364,0.977
-0.76793,27.16045,32.099,1.503
-1.60357,30.94419,35.000,1.700
-2.17248,18.67837,35.000,1.700
-2.29201,-1.69901,22.500,0.850
-1.93968,-21.51187,35.000,1.700
-1.94888,-9.99013,22.500,0.850
-2.23728,3.26279,22.500,0.850
-2.75639,14.17554,35.000,1.700
-3.80992,34.06287,35.000,1.700
-4.52002,21.34749,35.000,1.700
-4.45885,-12.04943,25.062,1.024
-3.38822,-54.99476,35.000,1.700
-1.94647,-74.38614,35.000,1.700
-0.24496,-75.41260,25.562,1.058
1.33797,-70.04683,35.000,1.700
2.13672,-32.58211,35.000,1.700
1.82898,17.22664,35.000,1.700
0.82017,50.03906,32.752,1.547
-0.43949,53.29061,27.994,1.224
-1.43287,41.82660,35.000,1.700
-2.03536,21.51660,35.000,1.700
-1.79516,-15.52180,29.402,1.319
-0.80089,-48.98453,32.511,1.531
0.07893,-37.97492,23.487,0.917
0.79072,-29.71922,32.384,1.522
1.43376,-23.45977,35.000,1.700
1.86914,-12.85561,26.070,1.093
1.68869,12.41395,35.000,1.700
1.38780,20.93749,35.000,1.700
1.00820,24.42939,35.000,1.700
0.19271,32.81297,24.909,1.014
-0.86460,42.95587,33.308,1.585
-1.59574,28.21437,35.000,1.700
-2.06263,14.31886,35.000,1.700
-1.83068,-16.01774,30.022,1.362
-1.17511,-35.58148,35.000,1.700
-0.43908,-31.15251,27.989,1.223
0.15180,-24.10917,24.397,0.979
0.59213,-16.59747,29.902,1.353
0.71536,-1.71046,18.725,0.593
0.68949,5.82759,28.750,1.275
0.45254,15.66976,28.157,1.235
-0.33421,29.89252,26.678,1.134
-1.25701,36.20950,35.000,1.700
-2.01684,27.54080,35.000,1.700
-2.51041,14.51199,35.000,1.700
-1.86254,-33.49237,35.000,1.700
-0.75273,-55.88879,31.909,1.490
0.35663,-47.97734,26.958,1.153
1.38247,-42.74294,35.000,1.700
1.74808,-12.23818,25.298,1.040
1.43401,17.56561,35.000,1.700
1.21620,17.68330,35.000,1.700
0.78731,25.72448,32.341,1.519
0.11410,26.98037,23.926,0.947
-0.54216,26.05340,29.277,1.311
-1.23341,25.78722,35.000,1.700
-2.15993,33.13284,35.000,1.700
-2.31673,1.36993,22.500,0.850
-1.57991,-36.45126,35.000,1.700
-1.00963,-25.38730,35.000,1.700
-0.54000,-19.08541,29.250,1.309
-0.31861,-7.82088,22.500,0.850
-0.52691,2.38764,16.560,0.446
-1.08663,17.98176,35.000,1.700
-1.73959,21.63096,35.000,1.700
-2.01533,5.69099,35.000,1.700
-1.91588,-11.55518,24.444,0.982
-1.68206,-17.94605,32.433,1.525
-1.73530,-7.29016,22.500,0.850
-1.92197,-0.13142,22.500,0.850
-2.21356,4.94038,22.500,0.850
-2.71125,13.60577,35.000,1.700
-2.99891,3.45489,22.500,0.850
-2.74358,-17.70432,32.130,1.505
-2.56966,-18.19598,32.745,1.547
-2.62877,-8.67308,22.500,0.850
-2.83789,-0.53849,22.500,0.850
-2.99152,4.50825,22.500,0.850
-3.10610,5.48499,35.000,1.700
-3.10436,1.02729,22.500,0.850
-2.77005,-13.16704,26.459,1.119
-2.51365,-12.88919,26.111,1.096
-2.34474,-9.33435,22.500,0.850
-2.24019,-6.04901,22.500,0.850
-2.32319,2.11026,22.500,0.850
-2.51654,8.15606,35.000,1.700
-2.66308,7.49289,35.000,1.700
-2.50923,-4.65529,22.500,0.850
-2.10586,-17.06608,31.333,1.451
-1.74366,-17.90098,32.376,1.522
-1.50430,-13.15481,26.444,1.118
-1.35908,-8.43977,22.500,0.850
-1.26755,-5.34900,22.500,0.850
-1.32656,1.29045,22.500,0.850
-1.21779,-4.09281,22.500,0.850
-1.16491,-2.93354,22.500,0.850
-1.15163,-1.11801,22.500,0.850
-1.17753,0.81243,22.500,0.850
-1.28796,4.57964,22.500,0.850
-1.35583,3.63088,22.500,0.850
-1.35972,0.88184,22.500,0.850
-1.31372,-1.66392,22.500,0.850
-1.22603,-3.84014,22.500,0.850
-1.09158,-6.14599,22.500,0.850
-0.90816,-8.56604,22.500,0.850
-0.67488,-11.04440,24.175,0.964
-0.39355,-13.46237,27.043,1.159
0.06774,-16.52225,23.676,0.930
0.60799,-19.63906,30.100,1.367
1.26957,-23.58321,35.000,1.700
2.05141,-27.03821,35.000,1.700
2.85935,-26.96923,35.000,1.700
3.23729,-8.22118,22.500,0.850
2.71606,27.89977,35.000,1.700
2.93943,3.58842,22.500,0.850
3.79778,-25.83263,35.000,1.700
5.20242,-47.48026,35.000,1.700
5.10520,8.26491,35.000,1.700
3.67757,72.06604,35.000,1.700
1.29711,114.32126,35.000,1.700
-0.12863,67.43653,24.108,0.959
0.21521,-8.30476,22.500,0.850
1.46477,-46.64407,35.000,1.700
2.65283,-45.39668,35.000,1.700
3.04530,-11.17681,23.971,0.950
2.32711,35.39321,35.000,1.700
1.91619,29.02492,35.000,1.700
1.66451,21.18850,35.000,1.700
1.61232,11.88701,35.000,1.700
1.78314,1.86718,22.500,0.850
2.13675,-7.32143,22.500,0.850
2.73981,-18.28228,32.853,1.554
3.22915,-12.43587,25.545,1.057
3.40676,-0.03707,22.500,0.850
3.48669,5.31871,35.000,1.700
3.94871,-6.91819,22.500,0.850
3.89272,10.36106,35.000,1.700
3.43853,26.57297,35.000,1.700
2.51199,42.37640,35.000,1.700
1.66719,42.26704,35.000,1.700
0.84927,36.08274,33.116,1.572
0.04701,33.40087,23.088,0.890
-0.70804,30.97185,31.350,1.452
-1.45708,28.15042,35.000,1.700
-1.53587,-0.94811,22.500,0.850
-0.87765,-32.70993,33.471,1.596
0.07276,-38.96797,23.410,0.912
0.97777,-37.61636,34.722,1.681
1.91202,-35.25400,35.000,1.700
2.23896,-8.87567,22.500,0.850
1.57477,32.29503,35.000,1.700
1.13323,24.58866,35.000,1.700
0.41950,28.99961,27.744,1.207
-0.20431,25.13012,25.054,1.024
-0.78847,22.36236,32.356,1.520
-1.19118,12.99189,35.000,1.700
-1.43792,4.64637,22.500,0.850
-1.36831,-8.18202,22.500,0.850
-1.26129,-11.56545,24.457,0.983
-1.04594,-16.33876,30.423,1.389
-0.73113,-20.70896,31.639,1.471
-0.13945,-23.05645,24.243,0.969
0.35313,-18.93275,26.914,1.150
0.72695,-12.68597,25.872,1.079
1.11384,-11.89245,24.866,1.011
1.45165,-9.37858,22.500,0.850
1.69725,-5.13711,22.500,0.850
1.77025,2.71972,22.500,0.850
1.63199,12.46725,35.000,1.700
1.32390,20.13997,35.000,1.700
0.85959,22.60059,33.245,1.581
0.11334,29.62823,23.917,0.946
-0.83114,37.97601,32.889,1.556
-1.95089,43.33087,35.000,1.700
-2.99275,38.26682,35.000,1.700
-3.25475,4.54431,22.500,0.850
-2.85967,-23.44020,35.000,1.700
-2.48951,-27.12361,35.000,1.700
-2.41421,-15.02056,28.776,1.277
-2.72747,2.43870,22.500,0.850
-3.44592,21.42255,35.000,1.700
-4.32641,26.60717,35.000,1.700
-3.78493,-30.20690,35.000,1.700
-2.57672,-63.13475,35.000,1.700
-1.09702,-66.53043,35.000,1.700
0.00993,-49.16829,22.624,0.858
0.70415,-30.94201,31.302,1.449
1.04678,-11.90434,24.880,1.012
1.09258,2.21126,22.500,0.850
1.19417,1.96577,22.500,0.850
0.97774,14.77326,34.489,1.665
0.47845,27.77443,28.481,1.257
-0.48362,38.52817,28.545,1.261
-1.73966,50.20090,35.000,1.700
-2.73820,37.67516,35.000,1.700
-2.80689,-2.77517,22.500,0.850
-1.79908,-48.52200,35.000,1.700
-0.91708,-39.57050,33.964,1.630
-0.20194,-30.35469,25.024,1.022
0.03296,-9.70261,22.500,0.850
0.15289,-1.89661,12.470,0.168
-0.17788,17.32455,24.943,1.016
-1.00476,30.98780,35.000,1.700
-2.07518,39.88564,35.000,1.700
-3.08034,36.18671,35.000,1.700
-2.76493,-18.93694,33.671,1.610
-1.65526,-55.93265,35.000,1.700
-0.56456,-48.43885,29.557,1.330
0.44940,-43.30037,28.117,1.232
1.22744,-31.84036,35.000,1.700
1.50012,-7.64180,22.500,0.850
0.88742,29.52123,33.593,1.604
-0.13386,41.44876,24.173,0.964
-1.28372,47.58290,35.000,1.700
-2.27137,37.82594,35.000,1.700
-2.48900,4.09561,22.500,0.850
-1.97255,-27.42700,35.000,1.700
-1.64143,-24.30150,35.000,1.700
-1.56453,-13.16619,26.458,1.119
-1.79229,0.67495,22.500,0.850
-2.16674,8.53630,35.000,1.700
-2.76661,16.43506,35.000,1.700
-2.94214,-0.83351,22.500,0.850
-2.46203,-27.28408,35.000,1.700
-2.15203,-24.37362,35.000,1.700
-2.07245,-14.25302,27.816,1.212
-2.09604,-8.45593,22.500,0.850
-2.46915,6.70659,35.000,1.700
-3.21090,21.33783,35.000,1.700
-3.41331,11.90410,35.000,1.700
-2.86708,-19.46826,34.335,1.655
-1.52142,-57.72029,35.000,1.700
-0.16820,-58.60001,24.603,0.993
0.80762,-43.76068,32.595,1.536
1.56895,-29.76345,35.000,1.700
1.68033,-0.31608,22.500,0.850
1.30555,21.35144,35.000,1.700
0.92684,24.28162,34.086,1.638
0.55110,15.08920,29.142,1.302
0.29588,8.67963,26.199,1.102
-0.05468,11.30809,23.240,0.900
-0.50990,15.49532,28.874,1.283
-0.99767,16.23241,34.953,1.697
-1.47335,14.70218,35.000,1.700
-2.01452,16.07188,35.000,1.700
-1.87862,-5.87317,22.500,0.850
-1.07741,-33.22298,35.000,1.700
0.07397,-47.32698,23.425,0.913
1.35070,-53.73800,35.000,1.700
2.81047,-57.24506,35.000,1.700
3.69391,-32.91462,35.000,1.700
3.91627,-1.60499,22.500,0.850
3.63360,20.20553,35.000,1.700
3.47875,19.64058,35.000,1.700
3.40845,15.89550,35.000,1.700
3.30147,16.83017,35.000,1.700
3.29412,12.74133,35.000,1.700
3.40920,7.39071,35.000,1.700
3.48575,8.57592,35.000,1.700
3.33441,17.96457,35.000,1.700
2.95390,27.85279,35.000,1.700
2.61278,26.61572,35.000,1.700
2.28236,25.40504,35.000,1.700
1.92393,25.76766,35.000,1.700
1.47503,28.74067,35.000,1.700
0.99842,29.31512,34.980,1.699
0.30871,28.29028,26.359,1.112
-0.49165,32.05124,28.646,1.268
-1.31521,32.02366,35.000,1.700
-1.97842,23.11561,35.000,1.700
-2.17234,2.12312,22.500,0.850
-1.68010,-26.37403,35.000,1.700
-1.53116,-16.34414,30.430,1.389
-1.82012,2.62546,22.500,0.850
-2.36848,15.77311,35.000,1.700
-2.88437,13.46985,35.000,1.700
-2.88193,-8.49316,22.500,0.850
-2.22873,-35.31318,35.000,1.700
-1.83911,-27.97727,35.000,1.700
-1.71913,-15.66107,29.576,1.331
-1.85972,-3.49225,22.500,0.850
-2.25132,8.49867,35.000,1.700
-2.66967,9.00904,35.000,1.700
-2.89819,0.67435,22.500,0.850
-2.38694,-28.24561,35.000,1.700
-2.00353,-27.27011,35.000,1.700
-1.91255,-14.73801,28.423,1.253
-1.85018,-11.74701,24.684,0.998
-1.94785,-4.64094,22.500,0.850
-2.24812,10.20828,35.000,1.700
-2.29552,3.93760,22.500,0.850
-2.34324,2.69638,22.500,0.850
-2.36823,1.53886,22.500,0.850
-2.58532,8.99138,35.000,1.700
-2.81231,10.87774,35.000,1.700
-2.25431,-20.14420,35.000,1.700
-1.11882,-49.44855,35.000,1.700
-0.17266,-40.94135,24.658,0.997
0.80009,-40.75792,32.501,1.530
1.74734,-36.88226,35.000,1.700
1.92977,-3.58403,22.500,0.850
1.38595,27.91577,35.000,1.700
1.13239,20.13496,35.000,1.700
1.08542,10.55175,35.000,1.700
1.10563,6.74679,35.000,1.700
1.20609,3.16188,22.500,0.850
1.36505,-0.04406,22.500,0.850
1.59034,-2.99534,22.500,0.850
1.88738,-6.04362,22.500,0.850
2.26599,-9.41178,22.500,0.850
2.72404,-12.64362,25.805,1.075
3.38635,-20.10589,35.000,1.700
3.64814,-1.83385,22.500,0.850
3.23210,25.17700,35.000,1.700
3.15072,16.92314,35.000,1.700
3.53424,-3.65906,22.500,0.850
4.04128,-12.16639,25.208,1.034
4.68863,-17.74891,32.186,1.509
4.56617,15.22070,35.000,1.700
3.61041,52.91290,35.000,1.700
2.20317,73.20511,35.000,1.700
1.19620,47.99266,35.000,1.700
0.61979,26.14222,30.247,1.377
0.19586,16.89549,25.265,1.038
-0.14174,11.84595,24.351,0.976
-0.36979,6.32161,28.750,1.275
-0.57025,3.91485,16.250,0.425
-0.42300,-10.05343,22.615,0.858
0.17550,-30.35391,24.694,0.999
1.27338,-43.74863,35.000,1.700
2.38004,-42.19342,35.000,1.700
2.97846,-19.59003,34.488,1.665
2.75901,16.57443,35.000,1.700
1.92824,44.61812,35.000,1.700
1.03269,39.93878,35.000,1.700
0.30606,30.97242,26.326,1.110
-0.11508,17.25724,24.211,0.966
-0.31168,5.90456,28.750,1.275
-0.30325,-4.40534,16.250,0.425
-0.27191,-6.65285,22.500,0.850
-0.30715,-4.29809,16.250,0.425
-0.25739,-7.37434,22.500,0.850
0.03464,-8.77791,22.500,0.850
0.30711,-7.85449,22.500,0.850
0.37670,0.73688,14.709,0.320
0.47507,0.85691,15.938,0.404
0.45910,5.55155,28.750,1.275
0.43734,6.66540,28.750,1.275
0.32433,10.42729,26.554,1.126
-0.14952,16.51752,24.833,1.009
-0.74426,21.63288,31.803,1.483
-1.45236,25.26592,35.000,1.700
-2.31332,30.03765,35.000,1.700
-2.95081,19.97268,35.000,1.700
-2.93325,-8.52509,22.500,0.850
-2.45333,-28.45156,35.000,1.700
-2.31064,-17.78838,32.235,1.512
-2.48641,-3.46805,22.500,0.850
-2.98749,12.11466,35.000,1.700
-3.43819,9.29066,35.000,1.700
-3.16766,-20.72060,35.000,1.700
-2.32897,-46.15866,35.000,1.700
-1.44462,-49.12339,35.000,1.700
-0.61517,-36.85849,30.190,1.373
-0.00355,-25.74192,22.544,0.853
0.32311,-12.67245,26.038,1.091
0.42989,-1.24342,15.374,0.365
0.27387,10.72759,25.923,1.083
-0.38075,23.73269,27.259,1.174
-1.16999,29.88412,35.000,1.700
-1.95906,28.19648,35.000,1.700
-2.36539,11.20273,35.000,1.700
-2.18651,-14.80646,28.508,1.259
-1.77247,-26.25190,35.000,1.700
-1.57450,-18.46822,33.085,1.570
-1.73818,-2.75531,22.500,0.850
-2.13385,8.92247,35.000,1.700
-2.67424,14.16178,35.000,1.700
-2.82913,-1.72542,22.500,0.850
-2.38597,-25.80665,35.000,1.700
-2.17573,-20.07915,35.000,1.700
-2.02191,-14.93461,28.668,1.269
-1.86957,-9.08047,22.500,0.850
-1.92142,0.25787,22.500,0.850
-2.19868,11.14221,35.000,1.700
-2.29993,6.27833,35.000,1.700
-1.99625,-10.89170,23.615,0.926
-1.49340,-22.29216,35.000,1.700
-1.32141,-11.33812,24.173,0.964
-1.13838,-9.58872,22.500,0.850
-0.96644,-8.79560,22.500,0.850
-0.96770,-1.70839,21.915,0.810
-1.10179,5.02160,35.000,1.700
-1.44651,14.79325,35.000,1.700
-2.08595,28.53625,35.000,1.700
-2.07230,5.16133,35.000,1.700
-1.28763,-30.35438,35.000,1.700
-0.34826,-38.94010,26.853,1.146
0.61814,-40.17310,30.227,1.375
1.55511,-37.13943,35.000,1.700
2.00052,-14.49642,28.121,1.232
1.70098,17.46606,35.000,1.700
1.56198,15.02859,35.000,1.700
1.73136,2.16677,22.500,0.850
1.95117,-1.98799,22.500,0.850
2.31045,-7.93664,22.500,0.850
2.86817,-16.34914,30.436,1.390
3.65157,-24.26679,35.000,1.700
4.09024,-8.85407,22.500,0.850
3.80985,19.21257,35.000,1.700
3.64755,20.16381,35.000,1.700
3.33340,26.03085,35.000,1.700
3.16955,20.05171,35.000,1.700
3.31958,6.54167,35.000,1.700
3.59826,0.22856,22.500,0.850
3.79981,0.72920,22.500,0.850
4.15866,-5.23900,22.500,0.850
4.49359,-4.75824,22.500,0.850
4.76364,-1.68365,22.500,0.850
4.69446,12.69113,35.000,1.700
4.26066,32.00665,35.000,1.700
3.04472,64.54327,35.000,1.700
1.46745,71.47580,35.000,1.700
0.09927,60.85429,23.741,0.934
-0.68483,36.21763,31.060,1.432
-1.14740,17.41549,35.000,1.700
-1.08318,-7.23265,22.500,0.850
-0.76750,-19.41842,32.094,1.502
-0.30148,-17.92635,26.268,1.106
0.13833,-16.17760,24.787,1.006
0.60779,-16.59042,30.097,1.367
1.09779,-16.33739,30.422,1.389
1.63981,-17.54551,31.932,1.491
2.26229,-19.78412,34.730,1.682
2.71633,-11.68239,24.603,0.993
2.53413,6.41481,35.000,1.700
2.37862,7.50341,35.000,1.700
2.10805,12.32326,35.000,1.700
2.08947,3.20814,22.500,0.850
2.02656,3.15803,22.500,0.850
2.01457,1.11114,22.500,0.850
2.05109,-1.23855,22.500,0.850
2.19452,-5.98498,22.500,0.850
2.43642,-10.87315,23.591,0.924
2.77201,-15.59824,29.498,1.326
3.16469,-18.82678,33.533,1.600
2.79826,10.89182,35.000,1.700
1.47524,55.09933,35.000,1.700
-0.03042,64.60877,22.880,0.876
-1.21566,52.86308,35.000,1.700
-1.85579,24.62257,35.000,1.700
-1.39459,-23.68608,35.000,1.700
-0.52607,-44.29486,29.076,1.297
0.25911,-33.62048,25.739,1.070
0.55732,-11.98052,25.777,1.073
1.14769,-20.17782,35.000,1.700
2.27999,-40.92463,35.000,1.700
3.12482,-29.50036,35.000,1.700
2.84713,5.81639,35.000,1.700
1.88315,39.72251,35.000,1.700
0.86499,44.23101,33.312,1.585
-0.29308,48.57001,26.163,1.099
-1.13826,35.84822,35.000,1.700
-1.48909,11.36825,35.000,1.700
-0.87767,-30.42179,33.471,1.596
0.10278,-39.90709,23.785,0.937
1.00121,-37.39865,35.000,1.700
1.73300,-27.03458,35.000,1.700
2.07562,-8.95781,22.500,0.850
1.78050,15.01262,35.000,1.700
1.40812,17.89747,35.000,1.700
1.21002,11.50347,35.000,1.700
0.99647,10.84292,34.952,1.697
0.90344,5.88983,30.603,1.401
0.70570,9.08764,31.321,1.450
0.54285,8.33118,29.286,1.311
0.34977,9.38941,26.872,1.147
-0.08445,14.81998,24.252,0.969
-0.58861,17.88472,29.858,1.350
-1.03318,14.73949,35.000,1.700
-1.49271,13.64671,35.000,1.700
-1.71608,3.20799,22.500,0.850
-1.80332,-2.46961,22.500,0.850
-1.95199,-0.99243,22.500,0.850
-2.14936,1.00095,22.500,0.850
-2.43398,4.55589,22.500,0.850
-2.79638,7.86569,35.000,1.700
-3.21988,8.10903,35.000,1.700
-3.08315,-15.60565,29.507,1.326
-2.49800,-34.31930,35.000,1.700
-1.80823,-40.38913,35.000,1.700
-1.09430,-31.99049,35.000,1.700
-0.88732,-9.45051,22.500,0.850
-1.09065,1.24224,22.500,0.850
-1.64028,16.48898,35.000,1.700
-2.09619,12.53076,35.000,1.700
-2.40242,5.25711,35.000,1.700
-2.28022,-13.24875,26.561,1.126
-1.99295,-21.19986,35.000,1.700
-2.00967,-9.55573,22.500,0.850
-1.09341,-44.93010,35.000,1.700
1.42359,-103.24075,35.000,1.700
5.56805,-150.00000,35.000,1.700
7.66218,-99.89333,35.000,1.700
8.67632,-46.67218,35.000,1.700
9.17204,-15.29147,29.114,1.300
9.07772,14.58659,35.000,1.700
8.08288,56.58275,35.000,1.700
6.74803,78.58257,35.000,1.700
4.39047,119.95392,35.000,1.700
1.79200,120.84536,35.000,1.700
0.31088,71.29782,26.386,1.114
0.74883,-11.48569,24.569,0.991
2.49827,-66.30314,35.000,1.700
4.18747,-66.95641,35.000,1.700
4.18735,0.48562,22.500,0.850
3.35634,42.79201,35.000,1.700
2.77509,38.59353,35.000,1.700
2.33813,31.26387,35.000,1.700
2.13911,20.12729,35.000,1.700
2.05535,10.23616,35.000,1.700
1.97073,5.43231,35.000,1.700
2.00767,-0.39113,22.500,0.850
2.04417,-1.53832,22.500,0.850
2.21422,-7.10994,22.500,0.850
2.50666,-13.11944,26.399,1.115
2.90697,-18.63621,33.295,1.584
2.87922,-2.61713,22.500,0.850
2.54416,12.87868,35.000,1.700
2.57228,1.45099,22.500,0.850
2.74892,-6.77539,22.500,0.850
3.06512,-14.00307,27.504,1.190
3.73606,-29.63834,35.000,1.700
3.90473,-12.67426,25.843,1.077
2.74319,43.92654,35.000,1.700
1.30213,66.42780,35.000,1.700
0.12590,52.31879,24.074,0.957
-0.59930,32.56088,29.991,1.359
-0.99306,14.52491,34.844,1.689
-0.74885,-14.43269,28.041,1.227
-0.14505,-31.57062,24.313,0.973
0.74611,-36.12975,31.826,1.484
1.79009,-40.42422,35.000,1.700
2.15238,-11.07801,23.848,0.942
2.46000,-6.80832,22.500,0.850
2.80167,-13.86495,27.331,1.179
3.46860,-29.45018,35.000,1.700
3.37992,-2.34249,22.500,0.850
2.11933,49.95499,35.000,1.700
1.23588,40.39228,35.000,1.700
0.96859,13.03355,34.461,1.663
1.44252,-11.36431,24.205,0.966
1.23048,11.89577,35.000,1.700
-0.05589,53.83374,23.199,0.898
-2.10760,85.78429,35.000,1.700
-4.18105,86.22305,35.000,1.700
-4.79534,27.94402,35.000,1.700
-4.60374,-15.94705,29.934,1.355
-4.70871,-9.66333,22.500,0.850
-4.73007,-10.74708,23.434,0.914
-4.73019,-11.99422,24.993,1.020
-4.54269,-20.01479,35.000,1.700
-4.11437,-32.28623,35.000,1.700
-3.03498,-58.83283,35.000,1.700
-2.05798,-55.53631,35.000,1.700
-1.15516,-41.65020,35.000,1.700
-0.40419,-32.36457,27.552,1.194
-0.04189,-15.11750,23.446,0.914
0.15361,-5.79308,22.500,0.850
-0.11550,14.41382,24.642,0.996
-0.78446,24.35269,32.306,1.517
-1.78986,37.34783,35.000,1.700
-2.62301,29.58175,35.000,1.700
-2.69847,-3.14701,22.500,0.850
-1.71848,-47.33833,35.000,1.700
-1.03410,-31.38507,35.000,1.700
-0.58973,-18.76640,29.872,1.351
-0.32679,-9.49761,22.500,0.850
-0.21375,-2.02978,13.308,0.225
-0.62567,11.58897,30.321,1.382
-1.24520,20.84343,35.000,1.700
-2.06616,28.35500,35.000,1.700
-2.64675,17.98883,35.000,1.700
-2.38399,-17.96766,32.460,1.527
-1.56071,-43.59378,35.000,1.700
-0.79065,-34.10923,32.383,1.522
-0.06104,-30.22265,23.263,0.902
0.52597,-23.76770,29.075,1.297
1.14485,-22.64742,35.000,1.700
1.63721,-15.59796,29.497,1.326
1.48753,10.97209,35.000,1.700
1.21618,19.21899,35.000,1.700
0.71018,28.97294,31.377,1.454
-0.17383,35.72426,24.673,0.998
-1.32326,46.59757,35.000,1.700
-2.25228,35.29503,35.000,1.700
-2.49524,4.87784,22.500,0.850
-2.01608,-25.82261,35.000,1.700
-1.41281,-35.09767,35.000,1.700
0.35500,-72.82426,26.938,1.152
3.27455,-121.91164,35.000,1.700
5.79689,-111.39848,35.000,1.700
6.99070,-56.16586,35.000,1.700
6.92732,5.17424,35.000,1.700
6.13548,46.58052,35.000,1.700
4.65682,80.18874,35.000,1.700
2.86787,93.39819,35.000,1.700
1.18917,78.29857,35.000,1.700
0.57324,30.96801,29.666,1.337
1.16651,-23.21679,35.000,1.700
2.86382,-63.81578,35.000,1.700
4.06616,-46.98458,35.000,1.700
4.18478,-0.26677,22.500,0.850
3.28081,45.58970,35.000,1.700
2.62915,41.56705,35.000,1.700
2.31095,26.55501,35.000,1.700
2.27606,13.00313,35.000,1.700
2.52451,0.14544,22.500,0.850
2.98005,-10.75703,23.446,0.914
3.85255,-28.36346,35.000,1.700
3.97302,-7.11597,22.500,0.850
3.20438,29.32243,35.000,1.700
2.53818,32.51221,35.000,1.700
2.07180,25.15765,35.000,1.700
1.85720,13.61574,35.000,1.700
1.68857,9.46839,35.000,1.700
1.84267,-4.27063,22.500,0.850
2.08823,-10.67653,23.346,0.908
2.46073,-17.03494,31.294,1.448
3.16094,-31.41571,35.000,1.700
3.31139,-12.30107,25.376,1.046
2.30886,37.64091,35.000,1.700
1.37164,45.01709,35.000,1.700
0.53296,36.64809,29.162,1.303
-0.29259,34.24740,26.157,1.099
-1.08733,31.82388,35.000,1.700
-1.32258,6.40945,35.000,1.700
-0.87832,-23.95149,33.479,1.597
0.13873,-40.63956,24.234,0.968
1.33313,-49.22917,35.000,1.700
2.07201,-27.95802,35.000,1.700
2.34814,-5.75417,22.500,0.850
1.80242,22.49518,35.000,1.700
1.54695,14.71797,35.000,1.700
1.34559,10.99774,35.000,1.700
1.34715,2.13720,22.500,0.850
1.38146,-0.94508,22.500,0.850
1.43658,-2.39362,22.500,0.850
1.75641,-13.27195,26.590,1.128
2.21786,-21.11254,35.000,1.700
2.30098,-7.54706,22.500,0.850
2.33691,-2.94662,22.500,0.850
2.40203,-3.19404,22.500,0.850
1.76395,24.88424,35.000,1.700
0.37872,60.38583,27.234,1.172
-1.78546,91.00400,35.000,1.700
-4.22786,102.02490,35.000,1.700
-5.67355,64.36042,35.000,1.700
-5.98594,11.49559,35.000,1.700
-5.30279,-38.89862,35.000,1.700
-4.11474,-66.15321,35.000,1.700
-2.27290,-92.97275,35.000,1.700
-0.63066,-75.66171,30.383,1.386
0.17303,-38.26356,24.663,0.997
0.27035,-4.88721,16.250,0.425
0.06202,12.06003,23.406,0.912
-0.59476,23.81178,29.934,1.356
-1.50014,33.90129,35.000,1.700
-2.34337,30.16588,35.000,1.700
-2.59490,4.49079,22.500,0.850
-2.12990,-25.43728,35.000,1.700
-1.98061,-17.11425,31.393,1.455
-2.19014,-1.42165,22.500,0.850
-2.69655,13.00375,35.000,1.700
-3.41044,20.46958,35.000,1.700
-3.54024,-3.45244,22.500,0.850
-2.59191,-47.14935,35.000,1.700
-1.72188,-49.15779,35.000,1.700
-0.68652,-45.62630,31.081,1.434
0.13272,-35.14561,24.159,0.963
0.83732,-28.84566,32.966,1.562
1.44599,-21.81151,35.000,1.700
1.57195,-0.27852,22.500,0.850
1.18518,21.70514,35.000,1.700
0.78056,25.12622,32.257,1.513
0.10216,27.11035,23.777,0.937
-0.69895,31.86479,31.237,1.444
-1.70182,38.44489,35.000,1.700
-2.24949,18.44803,35.000,1.700
-2.05526,-14.42048,28.026,1.226
-1.21380,-43.06647,35.000,1.700
-0.34610,-37.29750,26.826,1.144
0.32290,-28.05099,26.536,1.124
1.06259,-28.66273,35.000,1.700
1.66962,-20.98970,35.000,1.700
1.52370,11.11488,35.000,1.700
0.93949,31.81435,34.244,1.649
0.06855,35.74511,23.357,0.908
-0.79618,35.70741,32.452,1.527
-1.93106,43.81330,35.000,1.700
-1.76819,-9.83287,22.500,0.850
0.17204,-85.63712,24.650,0.996
2.25441,-91.19834,35.000,1.700
4.79214,-105.87424,35.000,1.700
7.06181,-98.09252,35.000,1.700
8.51005,-63.67622,35.000,1.700
9.37864,-33.60667,35.000,1.700
9.77593,-8.74084,22.500,0.850
9.45711,24.87653,35.000,1.700
8.81183,44.65865,35.000,1.700
7.26915,84.51080,35.000,1.700
4.73942,128.46841,35.000,1.700
2.06566,125.43494,35.000,1.700
0.66724,69.00475,30.840,1.417
1.91220,-44.55164,35.000,1.700
3.93717,-77.79845,35.000,1.700
5.05714,-46.48655,35.000,1.700
5.13160,1.59622,22.500,0.850
4.12732,41.35592,35.000,1.700
2.99494,53.56622,35.000,1.700
2.25341,40.37428,35.000,1.700
1.68628,30.76023,35.000,1.700
1.28490,22.20740,35.000,1.700
1.11337,11.30267,35.000,1.700
1.17037,-0.01972,22.500,0.850
1.27886,-4.34354,22.500,0.850
1.53300,-11.03438,23.793,0.938
1.90406,-17.04926,31.312,1.449
2.51164,-27.71301,35.000,1.700
2.82123,-17.92627,32.408,1.524
2.65977,2.87334,22.500,0.850
2.26304,16.44371,35.000,1.700
2.17221,6.92216,35.000,1.700
2.26043,-2.14436,22.500,0.850
2.55392,-12.16864,25.211,1.034
3.09819,-24.20441,35.000,1.700
3.18344,-8.25092,22.500,0.850
2.94034,8.07365,35.000,1.700
3.14902,-6.73244,22.500,0.850
3.56077,-17.81646,32.271,1.514
3.76907,-11.89504,24.869,1.011
3.65055,2.36171,22.500,0.850
3.75049,-3.52529,22.500,0.850
4.09520,-14.49357,28.117,1.232
4.63988,-24.68585,35.000,1.700
4.46257,2.15530,22.500,0.850
3.49911,38.96947,35.000,1.700
2.95476,29.56767,35.000,1.700
2.49468,24.31689,35.000,1.700
2.49820,4.72273,22.500,0.850
2.67132,-5.98053,22.500,0.850
3.16634,-20.99674,35.000,1.700
3.41932,-14.31838,27.898,1.217
3.32132,1.05632,22.500,0.850
3.34166,-0.60242,22.500,0.850
3.70778,-14.76558,28.457,1.255
3.81665,-7.30784,22.500,0.850
2.20262,63.09996,35.000,1.700
0.26736,84.03661,25.842,1.077
-1.97529,97.61247,35.000,1.700
-3.76057,77.06152,35.000,1.700
-4.11981,15.90986,35.000,1.700
-3.70696,-26.99965,35.000,1.700
-2.57615,-59.54515,35.000,1.700
-0.85860,-75.65735,33.233,1.580
0.56370,-62.71987,29.546,1.329
1.32757,-33.30739,35.000,1.700
1.37671,1.33273,22.500,0.850
0.77127,30.45953,32.141,1.506
0.14628,25.59345,24.328,0.974
-0.48147,24.71357,28.518,1.259
-1.07396,21.85053,35.000,1.700
-1.50024,13.00356,35.000,1.700
-1.49461,-6.03521,22.500,0.850
-1.29362,-15.14897,28.936,1.288
-1.18679,-12.63127,25.789,1.074
-1.11622,-10.62737,23.284,0.903
-1.08104,-8.77636,22.500,0.850
-1.06864,-7.52065,22.500,0.850
-1.04549,-7.74230,22.500,0.850
-1.05214,-6.55615,22.500,0.850
-1.08684,-5.25976,22.500,0.850
-1.14000,-4.36492,22.500,0.850
-1.21434,-3.44454,22.500,0.850
-1.30584,-2.70805,22.500,0.850
-1.41206,-2.17718,22.500,0.850
-1.53300,-1.51686,22.500,0.850
-1.66611,-1.13738,22.500,0.850
-1.81476,-0.62003,22.500,0.850
-1.97572,-0.23016,22.500,0.850
-2.15091,0.20178,22.500,0.850
-2.34362,0.75484,22.500,0.850
-2.55399,1.31008,22.500,0.850
-2.78022,1.77266,22.500,0.850
-3.01627,1.95979,22.500,0.850
-3.26936,2.37617,22.500,0.850
-3.68973,8.82982,35.000,1.700
-3.32747,-24.91606,35.000,1.700
-2.11581,-61.83292,35.000,1.700
0.09442,-94.73405,23.680,0.930
2.55149,-107.96158,35.000,1.700
4.85282,-99.77376,35.000,1.700
6.91688,-88.64502,35.000,1.700
8.96739,-85.87750,35.000,1.700
10.66903,-71.36911,35.000,1.700
11.67442,-40.61736,35.000,1.700
12.25408,-17.43511,31.794,1.482
12.35355,6.40361,35.000,1.700
12.40523,13.08549,35.000,1.700
12.49849,12.75855,35.000,1.700
12.06694,33.68559,35.000,1.700
11.12761,58.18262,35.000,1.700
9.76075,80.18260,35.000,1.700
8.06515,97.73262,35.000,1.700
5.82416,119.85589,35.000,1.700
3.80338,109.15928,35.000,1.700
2.08115,83.51421,35.000,1.700
1.27574,40.80800,35.000,1.700
1.17756,6.39213,35.000,1.700
1.65127,-11.66731,24.584,0.992
2.30440,-21.26883,35.000,1.700
3.14965,-27.35720,35.000,1.700
3.51041,-9.57773,22.500,0.850
2.52193,37.62380,35.000,1.700
2.05566,26.17559,35.000,1.700
1.57294,24.54390,35.000,1.700
1.24745,17.92846,35.000,1.700
1.01616,12.83743,35.000,1.700
0.93349,5.87412,31.555,1.466
1.21330,-10.01767,22.522,0.852
0.58639,23.07299,29.830,1.348
-0.26430,33.54904,25.804,1.075
-1.21937,38.22827,35.000,1.700
-1.52002,9.46261,35.000,1.700
-0.70857,-38.68634,31.357,1.452
1.35021,-83.88896,35.000,1.700
0.68254,23.80107,31.032,1.430
-2.39688,122.88460,35.000,1.700
-4.91444,111.40990,35.000,1.700
-5.50263,31.93780,35.000,1.700
-4.84483,-33.79656,35.000,1.700
-2.86597,-96.36465,35.000,1.700
0.02785,-127.21899,22.848,0.874
1.82068,-86.72389,35.000,1.700
2.85291,-44.76206,35.000,1.700
2.72904,9.88015,35.000,1.700
0.91387,83.21345,33.923,1.627
-0.24364,52.90948,25.545,1.057
-0.36471,7.69477,27.545,1.193
-0.41551,-1.82705,15.194,0.353
-0.31432,-9.07313,22.500,0.850
0.03130,-11.25260,22.932,0.879
0.45597,-14.30822,28.024,1.226
1.00332,-18.75456,33.443,1.594
1.68311,-23.13873,35.000,1.700
2.46111,-26.05122,35.000,1.700
2.23606,11.32823,35.000,1.700
0.88118,56.46119,33.515,1.599
-0.13648,44.34306,24.206,0.966
-1.01388,37.10265,35.000,1.700
-1.55759,19.45558,35.000,1.700
-1.10105,-23.48763,35.000,1.700
-0.15314,-38.18608,24.414,0.980
0.54864,-29.52370,29.358,1.316
1.04724,-18.50641,33.133,1.573
1.54832,-15.92107,29.901,1.353
2.03381,-15.03423,28.793,1.278
2.22816,-10.78095,23.476,0.916
2.42310,-9.95353,22.500,0.850
2.62688,-10.14192,22.677,0.862
2.79966,-8.93981,22.500,0.850
2.96317,-8.32851,22.500,0.850
3.11453,-7.71974,22.500,0.850
3.23531,-6.37550,22.500,0.850
3.31971,-4.65108,22.500,0.850
3.36010,-2.54548,22.500,0.850
3.39429,-1.87681,22.500,0.850
3.44832,-2.53658,22.500,0.850
3.55192,-4.65129,22.500,0.850
3.64101,-4.49400,22.500,0.850
3.73205,-4.54012,22.500,0.850
3.81891,-4.38247,22.500,0.850
3.87906,-3.28274,22.500,0.850
3.87094,-0.33162,22.500,0.850
3.86368,0.22404,22.500,0.850
3.91429,-1.97964,22.500,0.850
4.01681,-4.49655,22.500,0.850
4.10466,-4.41339,22.500,0.850
4.14420,-2.46426,22.500,0.850
4.03755,3.77321,22.500,0.850
3.84489,8.46081,35.000,1.700
3.46755,16.78604,35.000,1.700
2.54490,40.26292,35.000,1.700
1.51887,49.09399,35.000,1.700
0.26917,53.80660,25.865,1.079
-0.79511,46.19859,32.439,1.526
-1.51387,28.40420,35.000,1.700
-1.62655,0.32649,22.500,0.850
-1.48437,-11.98245,24.978,1.019
-1.77166,3.39245,22.500,0.850
-2.42927,20.30564,35.000,1.700
-2.91107,12.47780,35.000,1.700
-2.86141,-10.53953,23.174,0.896
-2.50791,-23.69367,35.000,1.700
-2.54924,-10.02107,22.526,0.852
-2.97694,8.09199,35.000,1.700
-3.58252,15.07306,35.000,1.700
-3.89591,2.98322,22.500,0.850
-3.08975,-40.91011,35.000,1.700
-2.23726,-48.73200,35.000,1.700
-1.46006,-36.23509,35.000,1.700
-0.97793,-21.60942,34.724,1.681
-0.83558,-5.53480,22.500,0.850
-1.28043,11.56832,35.000,1.700
-2.00181,23.30928,35.000,1.700
-2.58780,17.78221,35.000,1.700
-2.53891,-9.32268,22.500,0.850
-1.91294,-33.93207,35.000,1.700
-1.51051,-27.73985,35.000,1.700
-1.25091,-20.59544,35.000,1.700
-0.96377,-20.43271,34.547,1.669
-0.72109,-9.39788,22.500,0.850
-0.65644,-9.26560,22.500,0.850
-0.82679,0.23402,20.335,0.703
-1.05712,3.98446,22.500,0.850
-1.34384,6.43557,35.000,1.700
-1.80624,12.27725,35.000,1.700
-2.18268,8.58649,35.000,1.700
-2.19635,-7.03779,22.500,0.850
-1.90216,-19.89132,34.864,1.691
-1.75434,-13.94408,27.430,1.185
-1.59769,-9.05508,22.500,0.850
-1.71882,3.03427,22.500,0.850
-1.82579,4.88575,22.500,0.850
-2.04888,9.90086,35.000,1.700
-2.04860,1.96867,22.500,0.850
-1.97518,-2.54279,22.500,0.850
-2.14749,6.38356,35.000,1.700
-2.25823,5.70633,35.000,1.700
-2.23417,0.17915,22.500,0.850
-1.59638,-25.47592,35.000,1.700
-1.24426,-19.18019,33.975,1.630
-0.92627,-16.55536,30.694,1.407
-0.76925,-9.59204,22.500,0.850
-0.61500,-8.08838,22.500,0.850
-0.46623,-7.56859,22.500,0.850
-0.52791,0.95380,16.599,0.449
-0.68766,6.58056,28.788,1.278
-0.91093,10.24691,33.887,1.624
-1.11542,10.22912,35.000,1.700
-1.27749,8.52840,35.000,1.700
-1.39271,6.31472,35.000,1.700
-1.46439,4.12989,22.500,0.850
-1.48855,1.79262,22.500,0.850
-1.45837,-0.84859,22.500,0.850
-1.38494,-3.10693,22.500,0.850
-1.26932,-5.24640,22.500,0.850
-1.11484,-7.22847,22.500,0.850
-0.90546,-9.82069,22.500,0.850
-0.64783,-12.26954,25.743,1.071
-0.33787,-14.85229,27.453,1.187
0.15500,-17.87889,24.555,0.990
0.73362,-21.19904,31.670,1.474
1.44316,-25.30598,35.000,1.700
2.42196,-34.77324,35.000,1.700
2.96330,-16.42892,30.536,1.396
2.73653,16.30744,35.000,1.700
2.31555,28.15498,35.000,1.700
2.43889,6.85466,35.000,1.700
2.97644,-11.76923,24.712,1.000
3.84534,-28.11459,35.000,1.700
5.10635,-42.19404,35.000,1.700
4.71580,21.05518,35.000,1.700
3.64317,58.49990,35.000,1.700
1.77968,92.11816,35.000,1.700
0.55054,58.10685,29.382,1.318
0.38487,10.60981,27.311,1.177
0.57559,-9.96614,22.500,0.850
1.27397,-24.41136,35.000,1.700
2.24818,-34.81527,35.000,1.700
2.91979,-21.97297,35.000,1.700
2.67615,17.29221,35.000,1.700
1.66200,51.87229,35.000,1.700
0.68059,43.64641,31.007,1.428
-0.18417,36.72372,24.802,1.007
-0.90596,29.60527,33.825,1.620
-1.21660,9.71815,35.000,1.700
-0.84607,-20.44442,33.076,1.569
0.08737,-36.85190,23.592,0.924
1.25372,-47.70713,35.000,1.700
2.31679,-40.91124,35.000,1.700
2.69006,-10.56859,23.211,0.898
1.97375,34.80366,35.000,1.700
1.79537,18.98726,35.000,1.700
1.79965,9.64063,35.000,1.700
2.06312,-1.72098,22.500,0.850
2.53141,-12.12159,25.152,1.030
3.20380,-20.82479,35.000,1.700
3.86840,-18.37109,32.964,1.562
2.99661,44.04693,35.000,1.700
0.98531,95.24680,34.816,1.688
-0.65583,73.46518,30.698,1.407
-0.96899,16.14962,34.400,1.659
-0.77533,-12.13936,25.203,1.034
-1.38216,17.11296,35.000,1.700
-2.64782,45.48275,35.000,1.700
-3.36912,24.34863,35.000,1.700
-3.36660,-8.24951,22.500,0.850
-2.46467,-45.81824,35.000,1.700
-1.85501,-38.35774,35.000,1.700
-1.34376,-23.58706,35.000,1.700
-1.49302,-3.29632,22.500,0.850
-1.97745,12.69223,35.000,1.700
-2.62018,18.95699,35.000,1.700
-3.12599,12.92969,35.000,1.700
-2.74574,-24.12351,35.000,1.700
-1.73945,-52.42541,35.000,1.700
-0.86526,-39.56415,33.316,1.585
-0.25088,-26.29201,25.636,1.063
0.07489,-12.76634,23.673,0.930
0.16605,-1.10562,12.197,0.149
-0.02160,11.75717,22.819,0.872
-0.70729,24.84354,31.341,1.451
-1.60718,33.44524,35.000,1.700
-2.34493,25.69387,35.000,1.700
-2.89552,15.96960,35.000,1.700
-2.53535,-22.55502,35.000,1.700
-1.33261,-59.71371,35.000,1.700
-0.35458,-43.72715,26.932,1.151
0.22508,-25.36034,25.313,1.041
1.16273,-36.47972,35.000,1.700
2.62716,-55.41979,35.000,1.700
3.74121,-42.49083,35.000,1.700
4.43067,-22.20455,35.000,1.700
4.54707,4.77494,22.500,0.850
4.11138,28.07938,35.000,1.700
3.65122,33.60552,35.000,1.700
3.01431,40.39358,35.000,1.700
2.55303,32.88554,35.000,1.700
2.33294,21.55264,35.000,1.700
2.28743,12.93148,35.000,1.700
2.47648,2.98697,22.500,0.850
2.84136,-7.18778,22.500,0.850
3.52811,-20.74558,35.000,1.700
3.96629,-8.68828,22.500,0.850
3.37746,26.25779,35.000,1.700
2.73211,31.06548,35.000,1.700
2.12829,30.36572,35.000,1.700
1.67227,24.31406,35.000,1.700
1.27149,20.89407,35.000,1.700
1.03560,13.61435,35.000,1.700
0.79570,12.31906,32.374,1.521
0.53400,12.93170,29.175,1.304
0.05889,17.16970,23.449,0.915
-0.17451,7.63907,25.606,1.061
-0.41334,6.04473,28.750,1.275
-0.68046,6.47599,28.750,1.275
-0.82581,1.24410,20.147,0.690
-0.83785,-4.57347,16.250,0.425
-0.79961,-7.43127,22.500,0.850
-0.63147,-13.19890,26.703,1.136
-0.56685,-9.67849,22.500,0.850
-1.65540,37.00707,35.000,1.700
-3.12129,55.11316,35.000,1.700
-3.84267,26.00587,35.000,1.700
-3.28490,-30.98181,35.000,1.700
-2.24344,-55.59605,35.000,1.700
-1.49117,-35.98812,35.000,1.700
-1.01786,-21.28904,35.000,1.700
-0.95426,-2.41895,21.482,0.781
-1.46987,14.77628,35.000,1.700
-2.59566,39.46976,35.000,1.700
-3.23235,20.41449,35.000,1.700
-3.12037,-12.78793,25.985,1.087
-2.00037,-55.36432,35.000,1.700
-0.83993,-51.82732,32.999,1.564
0.19279,-44.42033,24.910,1.014
0.92092,-30.94623,34.012,1.633
1.10355,-4.68965,22.500,0.850
1.14181,3.45100,22.500,0.850
0.90351,15.81238,33.220,1.579
0.52506,22.92719,29.063,1.296
-0.24095,30.08583,25.512,1.055
-1.19422,37.73656,35.000,1.700
-1.99566,29.48949,35.000,1.700
-2.44444,12.96986,35.000,1.700
-2.18927,-17.81849,32.273,1.515
-1.63606,-32.41963,35.000,1.700
-1.20358,-28.25191,35.000,1.700
-0.93950,-11.54047,24.426,0.981
-1.08873,-1.32350,22.500,0.850
-1.60300,14.68281,35.000,1.700
-2.18211,17.33912,35.000,1.700
-2.36337,0.60581,22.500,0.850
-1.21541,-53.06853,35.000,1.700
0.33485,-65.67551,26.686,1.135
2.13731,-76.34555,35.000,1.700
4.09240,-79.60054,35.000,1.700
4.99261,-38.05674,35.000,1.700
5.94292,-31.75146,35.000,1.700
5.98514,5.83263,35.000,1.700
5.27501,43.44398,35.000,1.700
3.58387,86.71236,35.000,1.700
1.08921,111.57895,35.000,1.700
-0.19884,61.24615,24.986,1.019
0.38255,-19.02393,27.282,1.175
1.68232,-49.65969,35.000,1.700
3.01344,-51.02910,35.000,1.700
3.19084,-3.42986,22.500,0.850
1.94474,57.57427,35.000,1.700
0.93917,45.76401,34.240,1.648
0.02763,38.90802,22.845,0.873
-0.69413,30.48578,31.177,1.440
-1.18318,17.74016,35.000,1.700
-0.95587,-13.78839,27.235,1.172
-0.35799,-31.56178,26.975,1.154
0.72499,-43.82312,31.562,1.466
2.15150,-56.73281,35.000,1.700
2.96526,-30.20186,35.000,1.700
2.42424,28.39157,35.000,1.700
0.76373,78.44091,32.047,1.499
-0.38265,52.12534,27.283,1.175
-0.70576,15.09709,30.425,1.389
-0.38586,-16.43859,27.323,1.178
0.35327,-28.02201,26.916,1.150
1.19679,-32.72245,35.000,1.700
2.30076,-41.04647,35.000,1.700
2.86548,-18.26937,32.837,1.553
2.28828,30.44785,35.000,1.700
0.95707,65.23097,34.463,1.664
-0.14710,48.75250,24.339,0.975
-0.49690,16.60969,28.711,1.272
-0.31554,-10.21007,22.872,0.875
-0.57631,12.83412,29.704,1.340
-1.97415,52.26049,35.000,1.700
-3.86882,73.29786,35.000,1.700
-4.78082,37.26738,35.000,1.700
-5.13329,7.68051,35.000,1.700
-4.90457,-21.48482,35.000,1.700
-4.09079,-48.55161,35.000,1.700
-3.49726,-41.10252,35.000,1.700
-4.11682,9.35261,35.000,1.700
-5.42018,40.94948,35.000,1.700
-6.21410,26.07478,35.000,1.700
-6.13169,-11.95648,24.946,1.016
-5.31465,-47.08731,35.000,1.700
-4.02049,-71.29606,35.000,1.700
-2.67673,-73.42338,35.000,1.700
-1.43117,-58.46133,35.000,1.700
-0.45778,-43.59400,28.222,1.239
0.41061,-36.86694,27.633,1.199
1.18313,-30.89996,35.000,1.700
1.40037,-5.40725,22.500,0.850
0.63666,35.78274,30.458,1.391
-0.34403,40.37673,26.800,1.142
-1.60634,51.20775,35.000,1.700
-2.48442,33.21870,35.000,1.700
-2.58900,-1.32769,22.500,0.850
-2.14607,-25.44210,35.000,1.700
-1.92860,-19.87246,34.841,1.689
-1.53654,-25.83833,35.000,1.700
-0.63641,-46.06076,30.455,1.391
1.11998,-72.68490,35.000,1.700
3.62119,-101.37876,35.000,1.700
4.75142,-51.53457,35.000,1.700
5.30229,-18.54813,33.185,1.577
5.23621,12.80533,35.000,1.700
4.91252,28.64612,35.000,1.700
4.36320,38.75844,35.000,1.700
3.66994,44.55713,35.000,1.700
3.24453,33.14709,35.000,1.700
3.27939,12.69901,35.000,1.700
3.59112,-0.50772,22.500,0.850
4.03295,-9.00406,22.500,0.850
4.53031,-11.99025,24.988,1.019
5.13951,-15.58910,29.486,1.325
5.01207,15.69693,35.000,1.700
3.90591,59.82909,35.000,1.700
1.85980,100.06624,35.000,1.700
0.37614,69.29444,27.202,1.170
0.37298,5.78055,28.750,1.275
1.24687,-29.26525,35.000,1.700
2.58090,-49.78165,35.000,1.700
3.12317,-17.77732,32.222,1.511
2.53420,31.29144,35.000,1.700
1.15982,67.51778,35.000,1.700
-0.12161,56.37462,24.020,0.953
-0.97827,38.10697,34.728,1.682
-1.11739,3.50015,22.500,0.850
-0.36084,-35.44376,27.010,1.157
0.53527,-36.88118,29.191,1.305
1.64648,-44.00425,35.000,1.700
2.31437,-23.95999,35.000,1.700
2.28888,7.20214,35.000,1.700
1.44574,41.00356,35.000,1.700
0.53037,39.41990,29.130,1.301
-0.29491,34.59887,26.186,1.101
-1.16326,34.81020,35.000,1.700
-1.71778,19.35656,35.000,1.700
-1.31717,-21.56545,35.000,1.700
-0.19090,-54.22980,24.886,1.012
0.50811,-31.72648,28.851,1.282
0.10385,17.18700,24.078,0.957
-1.56932,65.25336,35.000,1.700
-3.26870,67.65121,35.000,1.700
-3.60916,13.27401,35.000,1.700
-3.02314,-33.23507,35.000,1.700
-2.00553,-54.38577,35.000,1.700
-2.12242,-0.63859,22.500,0.850
-3.56419,50.62288,35.000,1.700
-5.85073,87.71426,35.000,1.700
-7.59060,73.26543,35.000,1.700
-8.64648,43.01639,35.000,1.700
-8.97265,7.77804,35.000,1.700
-8.85623,-16.97344,31.217,1.443
-8.55547,-29.29698,35.000,1.700
-7.15011,-75.94851,35.000,1.700
-5.57677,-89.06326,35.000,1.700
-3.87583,-92.58364,35.000,1.700
-2.42004,-71.21373,35.000,1.700
-1.31380,-52.16241,35.000,1.700
-0.40751,-40.00956,27.594,1.196
-0.05436,-15.78389,23.574,0.923
0.37988,-15.45124,27.633,1.199
0.90899,-18.32375,32.905,1.558
2.08043,-42.99084,35.000,1.700
3.97635,-72.14590,35.000,1.700
5.42615,-58.54911,35.000,1.700
5.48376,-0.14254,22.500,0.850
4.75132,40.33984,35.000,1.700
4.65182,21.71596,35.000,1.700
5.62868,-23.53044,35.000,1.700
6.42105,-22.52896,35.000,1.700
6.52305,5.28619,35.000,1.700
5.79646,43.99290,35.000,1.700
3.82516,98.97057,35.000,1.700
1.00343,126.44029,35.000,1.700
-0.24062,61.18098,25.508,1.055
0.01489,-6.17998,22.500,0.850
1.55131,-58.03664,35.000,1.700
2.85135,-50.93600,35.000,1.700
3.14554,-8.08283,22.500,0.850
2.29508,40.97779,35.000,1.700
2.09696,21.05261,35.000,1.700
2.09736,10.59227,35.000,1.700
2.33247,-2.29485,22.500,0.850
2.72924,-16.32975,30.412,1.388
3.44958,-32.07936,35.000,1.700
3.54030,-10.04493,22.556,0.854
2.50779,39.29154,35.000,1.700
1.96748,29.47054,35.000,1.700
1.58828,21.06240,35.000,1.700
1.47169,8.87583,35.000,1.700
1.59635,-3.21115,22.500,0.850
1.87312,-11.71278,24.641,0.996
2.37742,-22.51465,35.000,1.700
2.57341,-12.34272,25.428,1.049
2.69173,-7.20137,22.500,0.850
2.99955,-13.75304,27.191,1.169
3.95920,-41.13664,35.000,1.700
4.11004,-14.26081,27.826,1.212
3.00797,41.23083,35.000,1.700
1.69245,60.86680,35.000,1.700
0.56400,50.55267,29.550,1.329
-0.20889,33.92495,25.111,1.028
-0.75270,22.00359,31.909,1.490
-1.07342,9.48804,35.000,1.700
-0.77513,-17.01580,31.270,1.446
0.08753,-33.53807,23.594,0.924
1.07296,-39.97390,35.000,1.700
2.20288,-43.10011,35.000,1.700
2.83203,-21.25349,35.000,1.700
2.33810,17.47686,35.000,1.700
1.22279,48.10791,35.000,1.700
0.61414,27.49490,30.177,1.372
0.04201,22.98813,23.025,0.886
-0.21992,9.66794,25.249,1.037
-0.31979,0.72775,13.997,0.272
-0.20948,-8.87237,22.500,0.850
0.22508,-14.65093,26.202,1.102
0.90045,-24.39415,33.756,1.615
1.79354,-32.45289,35.000,1.700
2.75072,-35.90245,35.000,1.700
2.53571,1.42021,22.500,0.850
1.35184,47.63869,35.000,1.700
0.58359,34.07393,29.795,1.346
-0.05633,26.51060,23.204,0.898
-0.43977,14.92038,28.300,1.244
-0.52502,0.35625,16.563,0.446
-0.81699,6.91646,30.960,1.425
-1.12959,7.62312,35.000,1.700
-1.56926,11.90343,35.000,1.700
-1.87559,6.19323,35.000,1.700
-1.87555,-7.25896,22.500,0.850
-1.71980,-13.99369,27.492,1.189
-1.76883,-6.85837,22.500,0.850
-1.91740,-1.62659,22.500,0.850
-2.15891,2.50807,22.500,0.850
-2.47606,6.29578,35.000,1.700
-2.37907,-12.26919,25.336,1.043
-2.55379,-2.40007,22.500,0.850
-3.02209,10.88500,35.000,1.700
-3.22818,-0.69207,22.500,0.850
-3.65931,8.83539,35.000,1.700
-4.12631,8.31092,35.000,1.700
-4.21913,-7.60227,22.500,0.850
-4.24351,-9.70997,22.500,0.850
-4.40211,-4.70306,22.500,0.850
-4.79568,5.28582,35.000,1.700
-5.59226,19.05146,35.000,1.700
-6.45143,24.30478,35.000,1.700
-7.09047,17.73170,35.000,1.700
-7.35562,14.15267,35.000,1.700
-7.73735,18.09974,35.000,1.700
-7.50274,-5.76449,22.500,0.850
-7.21655,-12.60075,25.751,1.071
-6.82725,-18.09186,32.615,1.538
-6.47611,-17.66418,32.080,1.501
-5.99266,-22.87081,35.000,1.700
-4.83066,-51.05428,35.000,1.700
-4.43690,-25.96117,35.000,1.700
-4.31354,-10.12644,22.658,0.861
-4.57655,8.49512,35.000,1.700
-3.91451,-24.78262,35.000,1.700
-2.58897,-57.97845,35.000,1.700
-1.03088,-69.13469,35.000,1.700
0.23097,-55.51828,25.387,1.046
0.76121,-24.48219,32.015,1.497
1.02312,-7.69949,22.500,0.850
1.41064,-11.08179,23.852,0.942
2.15198,-25.11950,35.000,1.700
2.83762,-21.67701,35.000,1.700
2.47092,22.09188,35.000,1.700
0.98785,70.75503,34.848,1.690
-0.40847,61.02063,27.606,1.197
-1.44617,44.77268,35.000,1.700
-1.83492,13.25849,35.000,1.700
-1.68795,-12.29886,25.374,1.045
-1.15458,-29.77724,35.000,1.700
-0.46277,-28.72055,28.285,1.243
0.03772,-20.18082,22.971,0.882
0.52354,-18.10144,29.044,1.295
0.89769,-12.13199,25.165,1.031
1.49761,-20.16159,35.000,1.700
1.77807,-6.18301,22.500,0.850
1.60554,12.48176,35.000,1.700
1.42624,15.92050,35.000,1.700
1.08680,22.35700,35.000,1.700
0.71864,23.55237,31.483,1.461
-0.18739,35.95874,24.842,1.009
-1.14452,38.89842,35.000,1.700
-1.98211,31.15498,35.000,1.700
-2.61951,20.71976,35.000,1.700
-2.47525,-12.88227,26.103,1.095
-1.41736,-51.99125,35.000,1.700
-0.49036,-41.01708,28.629,1.267
0.37663,-36.46775,27.208,1.170
1.01559,-25.62143,35.000,1.700
1.58869,-19.39281,34.241,1.648
1.51296,8.20239,35.000,1.700
1.07748,25.53266,35.000,1.700
0.27650,32.48394,25.956,1.085
-0.67551,38.69844,30.944,1.424
-2.05060,54.25577,35.000,1.700
-2.60168,19.62041,35.000,1.700
-1.85285,-37.14911,35.000,1.700
-0.20874,-77.63839,25.109,1.027
1.23988,-65.06643,35.000,1.700
2.39424,-46.45752,35.000,1.700
1.75139,29.62942,35.000,1.700
-0.23006,90.13058,25.376,1.046
-1.55541,61.24389,35.000,1.700
-2.12518,22.06231,35.000,1.700
-1.46696,-32.35487,35.000,1.700
0.43764,-78.10325,27.971,1.222
1.47935,-47.08084,35.000,1.700
1.51893,0.52313,22.500,0.850
0.73824,37.51913,31.728,1.478
-0.16913,37.70516,24.614,0.994
-0.90753,30.46036,33.844,1.621
-1.45753,19.38065,35.000,1.700
-1.93637,14.11194,35.000,1.700
-1.90945,-7.59816,22.500,0.850
-1.50686,-23.96107,35.000,1.700
-1.23867,-20.52510,35.000,1.700
-1.08999,-14.86441,28.581,1.263
-0.93272,-14.28871,27.861,1.215
-0.77452,-14.00713,27.509,1.191
-0.86519,-3.77863,18.055,0.548
-1.37354,18.19711,35.000,1.700
-1.87166,23.56431,35.000,1.700
-2.33224,23.13577,35.000,1.700
-2.68864,18.88332,35.000,1.700
-2.92339,13.16645,35.000,1.700
-3.42911,22.86217,35.000,1.700
-4.44685,45.28218,35.000,1.700
-4.22177,0.05309,22.500,0.850
-3.45245,-30.76188,35.000,1.700
-2.45830,-45.91865,35.000,1.700
-1.56963,-44.73046,35.000,1.700
-0.79822,-34.30020,32.478,1.528
-0.02889,-31.84167,22.861,0.875
0.35871,-16.04140,27.157,1.167
0.65940,-9.33599,22.500,0.850
0.98154,-9.16178,22.500,0.850
1.11383,-1.14697,22.500,0.850
1.26325,-0.43794,22.500,0.850
1.45257,-1.74202,22.500,0.850
1.60021,-0.04353,22.500,0.850
1.59357,6.56976,35.000,1.700
1.60536,7.62231,35.000,1.700
1.45783,14.12790,35.000,1.700
1.17108,20.11674,35.000,1.700
0.66994,28.79028,30.874,1.419
-0.12331,32.03811,24.041,0.955
-1.10317,39.42454,35.000,1.700
-2.05976,36.05040,35.000,1.700
-2.49252,12.91263,35.000,1.700
-2.02355,-26.46804,35.000,1.700
-0.81785,-59.27888,32.723,1.545
0.53633,-58.14390,29.204,1.306
1.51396,-41.39960,35.000,1.700
1.81542,-9.27481,22.500,0.850
1.36967,22.97783,35.000,1.700
1.83958,-9.36608,22.500,0.850
2.54678,-23.12459,35.000,1.700
2.86543,-6.03097,22.500,0.850
2.88179,6.27755,35.000,1.700
3.18923,-1.78403,22.500,0.850
3.67395,-11.40711,24.259,0.970
4.47888,-24.67683,35.000,1.700
5.32812,-25.03014,35.000,1.700
5.78445,-9.38976,22.500,0.850
6.46676,-17.30417,31.630,1.471
7.43469,-28.30586,35.000,1.700
7.52742,4.50131,22.500,0.850
6.92986,38.16029,35.000,1.700
5.55947,76.31966,35.000,1.700
3.51132,103.13348,35.000,1.700
2.10222,69.78641,35.000,1.700
1.22199,42.36316,35.000,1.700
1.10689,7.13252,35.000,1.700
1.55773,-10.80839,23.510,0.919
2.34002,-26.56882,35.000,1.700
2.89682,-20.31704,35.000,1.700
3.01631,-8.84319,22.500,0.850
2.47900,19.72391,35.000,1.700
2.61071,-1.32356,22.500,0.850
2.85055,-9.85829,22.500,0.850
3.52533,-28.96294,35.000,1.700
3.98710,-24.26355,35.000,1.700
3.51688,13.95619,35.000,1.700
2.08255,60.16447,35.000,1.700
0.81616,56.73763,32.702,1.544
-0.04095,37.96704,23.012,0.885
-0.30310,11.84879,26.289,1.108
-0.38032,-0.04118,14.754,0.323
-0.22625,-10.82745,23.708,0.932
0.28835,-18.14026,26.104,1.095
1.04302,-27.97258,35.000,1.700
2.03332,-36.28165,35.000,1.700
2.90942,-31.67414,35.000,1.700
2.71892,1.28520,22.500,0.850
1.57792,45.89684,35.000,1.700
1.07368,23.75683,35.000,1.700
0.57392,20.23716,29.674,1.338
0.64738,-3.78961,16.250,0.425
1.07102,-12.69159,25.864,1.079
1.85560,-27.31744,35.000,1.700
2.99878,-47.81128,35.000,1.700
3.24760,-19.51508,34.394,1.659
1.78602,54.56029,35.000,1.700
-0.81369,108.90335,32.671,1.542
-2.60243,79.45805,35.000,1.700
-2.76001,8.32289,35.000,1.700
-2.72800,-9.99260,22.500,0.850
-1.90949,-41.96777,35.000,1.700
-1.90018,-4.16874,22.500,0.850
-3.04158,38.33736,35.000,1.700
-4.40687,48.59060,35.000,1.700
-5.61180,44.04307,35.000,1.700
-6.31414,23.03030,35.000,1.700
-6.11980,-17.04210,31.303,1.449
-5.36375,-47.07822,35.000,1.700
-3.88052,-78.95555,35.000,1.700
-1.89301,-99.73022,35.000,1.700
-0.52058,-64.87260,29.007,1.292
-0.15073,-19.67655,24.384,0.978
0.05559,-6.98913,22.500,0.850
0.02215,4.68323,13.238,0.220
-0.47188,16.30540,28.398,1.251
-1.05913,20.56057,35.000,1.700
-1.82248,26.37456,35.000,1.700
-2.59584,25.95021,35.000,1.700
-2.61287,-5.82329,22.500,0.850
-1.70442,-44.78662,35.000,1.700
-0.94001,-34.28685,34.250,1.649
-0.15087,-32.74686,24.386,0.978
0.58554,-30.11117,29.819,1.348
1.28968,-26.67842,35.000,1.700
1.87199,-19.35319,34.191,1.645
1.77291,9.65826,35.000,1.700
1.06648,37.02588,35.000,1.700
0.16824,37.59175,24.603,0.993
-0.70145,36.14834,31.268,1.446
-1.86860,45.52648,35.000,1.700
-2.24300,11.96117,35.000,1.700
-1.75413,-26.89137,35.000,1.700
-0.59124,-57.09875,29.891,1.353
0.63635,-52.93158,30.454,1.391
1.67186,-42.59515,35.000,1.700
1.72330,0.89749,22.500,0.850
0.82730,42.43936,32.841,1.553
-0.14562,40.94490,24.320,0.974
-0.82886,28.80472,32.861,1.555
-1.53887,25.89200,35.000,1.700
-1.96722,12.63587,35.000,1.700
-1.56303,-22.90669,35.000,1.700
-0.75344,-42.17427,31.918,1.490
0.35178,-46.18063,26.897,1.149
1.24193,-37.08867,35.000,1.700
1.97289,-26.50979,35.000,1.700
1.95241,6.56356,35.000,1.700
1.56835,23.79557,35.000,1.700
1.51425,12.05931,35.000,1.700
1.85292,-5.01499,22.500,0.850
2.27212,-10.91889,23.649,0.928
2.79840,-15.40869,29.261,1.310
3.19447,-9.02023,22.500,0.850
3.44592,-3.18299,22.500,0.850
4.12050,-18.90274,33.628,1.607
5.35916,-39.78496,35.000,1.700
4.78475,28.89165,35.000,1.700
3.15663,81.69556,35.000,1.700
0.91815,99.98254,33.977,1.630
-0.52119,66.04702,29.015,1.293
0.05897,-19.81736,23.237,0.900
1.54732,-58.10043,35.000,1.700
2.82757,-50.15885,35.000,1.700
2.65524,10.73333,35.000,1.700
1.03393,75.41403,35.000,1.700
0.03542,45.66558,22.943,0.880
-0.30454,16.23723,26.601,1.129
-0.68463,12.66011,31.058,1.432
-0.85046,2.67148,19.462,0.643
-1.04426,2.93834,22.500,0.850
-1.21779,1.76542,22.500,0.850
-1.13787,-8.76806,22.500,0.850
-0.89611,-16.76356,30.954,1.425
-0.63864,-18.21295,30.483,1.393
-0.08145,-21.25728,23.518,0.919
0.46401,-20.75897,28.300,1.244
1.04483,-20.91289,35.000,1.700
1.67882,-21.04177,35.000,1.700
2.34875,-21.76942,35.000,1.700
2.52414,-0.53214,22.500,0.850
1.86280,33.81327,35.000,1.700
1.65090,20.01035,35.000,1.700
1.41515,19.07686,35.000,1.700
1.23034,16.48997,35.000,1.700
1.24751,7.14596,35.000,1.700
1.18855,3.78770,22.500,0.850
1.17959,1.11587,22.500,0.850
1.27442,-3.57009,22.500,0.850
1.43056,-6.95957,22.500,0.850
1.72559,-13.19326,26.492,1.121
1.99421,-13.38350,26.729,1.138
2.26046,-13.32648,26.658,1.133
2.50591,-12.48335,25.604,1.061
2.72908,-11.42339,24.279,0.971
2.94207,-10.80422,23.505,0.918
3.17477,-11.46916,24.336,0.975
3.42817,-12.42965,25.537,1.057
3.50193,-5.43645,22.500,0.850
3.47251,0.08953,22.500,0.850
3.41615,2.27249,22.500,0.850
3.45856,-1.24215,22.500,0.850
3.63938,-7.48101,22.500,0.850
3.87206,-10.80335,23.504,0.918
3.97623,-6.32744,22.500,0.850
3.79229,6.09189,35.000,1.700
3.34645,19.05207,35.000,1.700
2.26666,47.00192,35.000,1.700
1.06277,53.17321,35.000,1.700
-0.12116,50.74431,24.014,0.953
-1.12732,43.25568,35.000,1.700
-1.48105,12.30155,35.000,1.700
-1.09988,-21.09594,35.000,1.700
-0.71862,-23.96485,31.483,1.461
-0.19353,-20.77093,24.919,1.014
0.57995,-29.85744,29.749,1.343
1.64230,-40.99366,35.000,1.700
2.67682,-38.30938,35.000,1.700
3.09203,-11.27852,24.098,0.959
3.55966,-20.88295,35.000,1.700
4.92321,-58.71840,35.000,1.700
6.73104,-84.05675,35.000,1.700
7.63476,-52.96041,35.000,1.700
7.63886,-10.75587,23.445,0.914
6.86681,28.73067,35.000,1.700
5.14799,74.49908,35.000,1.700
2.69655,112.95746,35.000,1.700
1.19667,72.92236,35.000,1.700
1.33539,0.21841,22.500,0.850
2.78411,-51.92729,35.000,1.700
4.32021,-59.32575,35.000,1.700
4.20826,-7.38723,22.500,0.850
3.22913,37.68790,35.000,1.700
2.43453,39.32162,35.000,1.700
1.80969,32.85769,35.000,1.700
1.31187,26.48433,35.000,1.700
0.86893,23.01467,33.362,1.589
0.48225,15.30620,28.528,1.260
0.07527,14.68748,24.051,0.955
-0.12069,5.75934,28.035,1.226
-0.46981,10.19506,28.373,1.249
-0.59217,1.16458,17.402,0.503
-0.56985,-5.60438,22.500,0.850
-0.54532,-6.89227,22.500,0.850
-0.51215,-7.40610,22.500,0.850
-0.40579,-10.37219,23.237,0.900
-0.32639,-9.60723,22.500,0.850
0.83047,-43.79937,32.881,1.556
2.42867,-63.14312,35.000,1.700
3.17925,-28.77963,35.000,1.700
2.30630,42.23143,35.000,1.700
0.34913,91.56971,26.864,1.147
-0.47583,41.75811,28.448,1.254
-0.86731,16.07294,32.759,1.548
-0.56676,-16.05816,29.585,1.332
-0.33029,-8.06718,22.500,0.850
-0.84458,14.57466,32.216,1.511
-1.57069,24.92952,35.000,1.700
-2.25243,22.60744,35.000,1.700
-1.84652,-22.44646,35.000,1.700
-0.58557,-60.72037,29.820,1.348
0.33821,-41.24268,26.728,1.137
0.98939,-26.90017,34.867,1.691
1.21507,-5.70393,22.500,0.850
0.71245,25.06712,31.406,1.456
-0.46042,46.80836,28.255,1.241
-1.55025,44.73431,35.000,1.700
-2.12080,20.32803,35.000,1.700
-2.09099,-7.39685,22.500,0.850
-2.10112,-7.64314,22.500,0.850
-3.10043,31.86918,35.000,1.700
-4.27088,39.99477,35.000,1.700
-4.54559,5.11819,35.000,1.700
-3.97723,-35.19081,35.000,1.700
-2.82977,-61.60699,35.000,1.700
-1.75954,-50.46903,35.000,1.700
-1.08897,-31.24731,35.000,1.700
-0.88355,-9.29791,22.500,0.850
-1.26295,8.31298,35.000,1.700
-2.09871,27.56727,35.000,1.700
-3.14861,36.61227,35.000,1.700
-3.40818,3.96962,22.500,0.850
-2.95869,-25.89106,35.000,1.700
-2.42065,-34.29078,35.000,1.700
-2.08305,-26.15190,35.000,1.700
-2.03970,-12.86410,26.080,1.093
-2.20302,-2.52074,22.500,0.850
-2.67183,11.31665,35.000,1.700
-2.89243,0.60148,22.500,0.850
-2.92275,-6.58699,22.500,0.850
-3.07889,-2.69669,22.500,0.850
-3.18952,-4.11023,22.500,0.850
-3.20859,-3.05563,22.500,0.850
-2.88794,-13.43712,26.796,1.142
-2.70385,-10.05087,22.564,0.854
-2.66527,-3.55323,22.500,0.850
-2.85960,7.06217,35.000,1.700
-2.80364,-0.82596,22.500,0.850
-2.33107,-19.06763,33.835,1.621
-2.01287,-16.54155,30.677,1.406
-1.69033,-16.21000,30.262,1.378
-1.45694,-12.57774,25.722,1.069
-1.32864,-7.64748,22.500,0.850
-1.32622,-1.62630,22.500,0.850
-1.47507,5.62887,35.000,1.700
-1.77660,13.18705,35.000,1.700
-2.11156,16.03561,35.000,1.700
-1.95512,-3.05066,22.500,0.850
-1.25975,-28.42471,35.000,1.700
-0.68019,-24.28533,31.002,1.428
-0.18672,-19.50418,24.834,1.009
0.12136,-11.05410,23.839,0.941
0.18353,0.37885,12.294,0.156
0.24169,2.22003,13.787,0.258
0.20866,6.26746,28.144,1.234
-0.22238,14.04181,25.897,1.081
-0.65322,14.55081,30.139,1.369
-1.41877,27.02539,35.000,1.700
-2.44797,37.02025,35.000,1.700
-2.16980,-6.61187,22.500,0.850
-0.55760,-65.81025,29.470,1.324
1.24198,-76.95058,35.000,1.700
2.41982,-48.66523,35.000,1.700
1.99862,20.56983,35.000,1.700
0.55531,68.10128,29.441,1.322
-0.55917,49.83919,29.490,1.325
-1.29198,30.43777,35.000,1.700
-1.66001,11.18208,35.000,1.700
-1.24901,-22.75022,35.000,1.700
-0.32371,-46.18853,26.546,1.125
1.24654,-65.33583,35.000,1.700
3.39914,-86.40366,35.000,1.700
4.79211,-59.12468,35.000,1.700
5.86971,-41.05971,35.000,1.700
6.27868,-10.69882,23.374,0.909
6.52164,1.00656,22.500,0.850
6.99633,-6.49810,22.500,0.850
7.89539,-24.04613,35.000,1.700
9.08396,-38.47992,35.000,1.700
10.07215,-33.35181,35.000,1.700
11.24505,-39.71434,35.000,1.700
12.32870,-37.41674,35.000,1.700
13.36399,-35.02035,35.000,1.700
14.53220,-39.86296,35.000,1.700
14.97579,-11.84451,24.806,1.007
15.45850,-7.80530,22.500,0.850
15.63820,5.12309,35.000,1.700
15.98217,-10.78664,23.483,0.917
16.18433,-10.24368,22.805,0.871
16.39659,-10.53930,23.174,0.896
16.79580,-18.07618,32.595,1.536
16.86484,-6.37692,22.500,0.850
17.81590,-39.31784,35.000,1.700
18.48938,-34.80288,35.000,1.700
19.58432,-50.75795,35.000,1.700
20.94746,-64.67743,35.000,1.700
22.98869,-94.58450,35.000,1.700
25.13417,-104.73615,35.000,1.700
27.35687,-109.85531,35.000,1.700
29.67917,-114.86291,35.000,1.700
32.49863,-135.75114,35.000,1.700
35.44920,-145.17276,35.000,1.700
38.53368,-150.00000,35.000,1.700
41.82330,-150.00000,35.000,1.700
44.70110,-145.11169,35.000,1.700
49.47127,-150.00000,35.000,1.700
53.22598,-150.00000,35.000,1.700
53.28903,-32.52197,35.000,1.700
50.99520,85.24884,35.000,1.700
50.28487,45.46301,35.000,1.700
50.58076,-2.74288,22.500,0.850
50.68109,-4.56194,22.500,0.850
50.23055,17.10946,35.000,1.700
50.33560,-0.78038,22.500,0.850
50.45859,-5.07551,22.500,0.850
50.47461,-1.65597,22.500,0.850
50.88427,-16.71761,30.897,1.421
51.58831,-31.50514,35.000,1.700
52.28674,-34.23835,35.000,1.700
53.07794,-38.49562,35.000,1.700
53.61804,-29.30313,35.000,1.700
53.56695,-3.81686,22.500,0.850
53.75371,-8.23392,22.500,0.850
53.18055,21.27955,35.000,1.700
53.19240,3.78212,22.500,0.850
52.88221,13.16396,35.000,1.700
52.25906,27.55863,35.000,1.700
51.10046,51.85603,35.000,1.700
49.58491,70.99300,35.000,1.700
47.58553,94.17403,35.000,1.700
44.77174,131.38608,35.000,1.700
41.11472,150.00000,35.000,1.700
36.93940,150.00000,35.000,1.700
31.81004,150.00000,35.000,1.700
26.30562,150.00000,35.000,1.700
22.07826,150.00000,35.000,1.700
17.96378,150.00000,35.000,1.700
15.11744,143.85391,35.000,1.700
13.32933,100.29518,35.000,1.700
12.63565,47.80592,35.000,1.700
11.61805,50.26545,35.000,1.700
10.72460,45.79082,35.000,1.700
9.83547,44.72337,35.000,1.700
8.87063,47.53856,35.000,1.700
7.74341,54.59633,35.000,1.700
7.24970,30.66782,35.000,1.700
7.08890,12.56551,35.000,1.700
6.46782,27.35622,35.000,1.700
5.71841,35.44763,35.000,1.700
5.34973,21.83677,35.000,1.700
4.60079,34.32513,35.000,1.700
4.03708,29.41329,35.000,1.700
4.22516,-1.64056,22.500,0.850
4.55608,-13.56490,26.956,1.153
4.57659,-3.53332,22.500,0.850
4.30411,10.19263,35.000,1.700
3.28273,42.89344,35.000,1.700
2.41691,43.21146,35.000,1.700
2.23591,15.88231,35.000,1.700
2.46318,-5.91432,22.500,0.850
2.52593,-3.69284,22.500,0.850
2.23392,10.94180,35.000,1.700
1.65755,25.24325,35.000,1.700
0.88334,36.01721,33.542,1.601
-0.14641,42.51415,24.330,0.974
-1.09760,39.75363,35.000,1.700
-1.57612,16.97329,35.000,1.700
-1.82430,4.39918,22.500,0.850
-1.96388,-0.32517,22.500,0.850
-2.25551,4.85949,22.500,0.850
-2.44985,1.40788,22.500,0.850
-2.49693,-5.25075,22.500,0.850
-2.20039,-20.07746,35.000,1.700
-1.79399,-26.95607,35.000,1.700
-1.12078,-37.74246,35.000,1.700
-0.12305,-41.90915,24.038,0.955
1.02886,-48.09084,35.000,1.700
2.00645,-37.96358,35.000,1.700
2.44478,-13.44271,26.803,1.143
2.19293,16.13762,35.000,1.700
2.29095,6.34196,35.000,1.700
2.74391,-8.72288,22.500,0.850
3.21542,-12.49096,25.614,1.062
3.47623,-3.37674,22.500,0.850
3.45861,3.36179,22.500,0.850
3.34673,5.14763,35.000,1.700
3.02936,13.72414,35.000,1.700
2.44473,26.12994,35.000,1.700
2.05042,20.99840,35.000,1.700
1.67298,19.29756,35.000,1.700
1.25231,20.68618,35.000,1.700
0.68463,26.84425,31.058,1.432
-0.10684,31.74133,23.835,0.941
-0.78254,27.26149,32.282,1.515
-1.34173,19.84660,35.000,1.700
-1.62354,6.49772,35.000,1.700
-1.91631,4.96781,22.500,0.850
-2.33892,10.97062,35.000,1.700
-2.67031,5.63006,35.000,1.700
-2.73939,-6.06790,22.500,0.850
-2.73899,-8.65396,22.500,0.850
-3.15850,7.74534,35.000,1.700
-3.65781,10.43956,35.000,1.700
-3.56495,-13.90841,27.386,1.182
-2.83418,-40.78097,35.000,1.700
-2.18017,-40.29488,35.000,1.700
-1.73776,-30.53092,35.000,1.700
-1.75265,-10.34782,22.935,0.880
-2.13578,7.21215,35.000,1.700
-2.74434,16.69908,35.000,1.700
-3.26745,13.13832,35.000,1.700
-2.86695,-25.17582,35.000,1.700
-1.74341,-57.45916,35.000,1.700
-0.66492,-48.28514,30.811,1.415
0.21635,-37.95284,25.204,1.034
0.86698,-26.83002,33.337,1.587
1.31872,-15.19820,28.998,1.292
1.36222,2.72069,22.500,0.850
1.28484,9.53270,35.000,1.700
1.04134,17.56355,35.000,1.700
0.50687,29.60191,28.836,1.281
-0.53664,42.04126,29.208,1.306
-2.14030,64.36245,35.000,1.700
-2.99954,33.37037,35.000,1.700
-2.66134,-20.00333,35.000,1.700
-1.23457,-68.64067,35.000,1.700
0.04664,-56.62727,23.083,0.890
1.07789,-45.42425,35.000,1.700
1.49972,-15.35293,29.191,1.305
0.84754,30.84014,33.094,1.570
-0.07451,37.58925,23.431,0.913
-1.21127,46.67206,35.000,1.700
-2.23131,39.16405,35.000,1.700
-2.55105,8.40012,35.000,1.700
-1.74210,-40.66426,35.000,1.700
-0.28775,-61.51130,26.097,1.095
0.90817,-52.53118,33.852,1.622
1.71796,-32.24033,35.000,1.700
1.06070,30.44677,35.000,1.700
-0.53626,64.81977,29.203,1.306
-1.83559,55.12828,35.000,1.700
-2.24765,14.56310,35.000,1.700
-1.47564,-37.94631,35.000,1.700
0.17142,-68.41982,24.643,0.996
1.46110,-56.98354,35.000,1.700
2.15067,-26.57559,35.000,1.700
1.08593,48.18113,35.000,1.700
-0.94693,84.21206,34.337,1.655
-2.30395,57.42084,35.000,1.700
-1.97348,-15.60642,29.508,1.327
-0.47151,-69.59383,28.394,1.251
1.20514,-72.62568,35.000,1.700
2.21783,-41.66988,35.000,1.700
1.46883,34.05451,35.000,1.700
-0.64092,86.49607,30.511,1.395
-1.72087,48.51856,35.000,1.700
-1.54907,-9.28621,22.500,0.850
-0.22782,-60.52464,25.348,1.044
1.11619,-58.39128,35.000,1.700
2.28074,-46.38286,35.000,1.700
1.79754,23.04054,35.000,1.700
0.42070,65.32302,27.759,1.208
-0.62394,46.84242,30.299,1.380
-1.25566,25.73903,35.000,1.700
-1.36365,0.34467,22.500,0.850
-1.27525,-9.50413,22.500,0.850
-1.37564,-3.35979,22.500,0.850
-1.57834,1.55564,22.500,0.850
-1.86263,5.32818,35.000,1.700
-2.41977,14.95987,35.000,1.700
-2.35863,-9.79641,22.500,0.850
-1.57084,-40.25694,35.000,1.700
-0.71908,-37.03777,31.488,1.461
-0.02481,-29.11390,22.810,0.871
0.70695,-29.39231,31.337,1.451
1.37905,-24.88541,35.000,1.700
2.05048,-22.55509,35.000,1.700
2.52507,-13.15053,26.438,1.118
2.81943,-5.62287,22.500,0.850
3.63349,-25.62412,35.000,1.700
4.51563,-26.77064,35.000,1.700
4.12658,24.08015,35.000,1.700
2.82583,66.82800,35.000,1.700
0.97951,82.06630,34.744,1.683
0.23126,36.33086,25.391,1.047
0.82864,-22.72985,32.858,1.554
1.98812,-43.17025,35.000,1.700
2.78543,-28.39398,35.000,1.700
3.10959,-6.36635,22.500,0.850
2.41011,35.15842,35.000,1.700
2.18542,21.70853,35.000,1.700
2.30345,6.12622,35.000,1.700
2.71105,-6.90772,22.500,0.850
3.46414,-23.51551,35.000,1.700
4.12354,-17.95657,32.446,1.526
3.62234,29.57783,35.000,1.700
2.36106,64.88054,35.000,1.700
1.29149,49.90082,35.000,1.700
0.37026,40.32281,27.128,1.165
-0.32280,29.42668,26.535,1.124
-0.88401,21.71592,33.550,1.601
-1.13538,6.54071,35.000,1.700
-0.98035,-12.01169,25.015,1.021
-0.51151,-26.17471,28.894,1.285
0.35073,-34.34729,26.884,1.148
1.54160,-47.49425,35.000,1.700
2.53863,-37.70058,35.000,1.700
3.10490,-17.51877,31.898,1.489
2.62839,26.71778,35.000,1.700
1.45155,59.30145,35.000,1.700
0.47997,43.64815,28.500,1.258
-0.17669,28.40401,24.709,1.000
-0.59014,16.08377,29.877,1.352
-0.95992,11.51423,34.436,1.662
-1.15685,2.98884,22.500,0.850
-0.99964,-11.59651,24.496,0.986
-0.72568,-18.34003,31.571,1.467
-0.07980,-24.93427,23.497,0.918
0.75919,-33.04925,31.990,1.495
1.90571,-44.11226,35.000,1.700
2.74416,-30.30062,35.000,1.700
2.77032,5.27271,35.000,1.700
2.02401,40.04581,35.000,1.700
1.34731,39.57949,35.000,1.700
0.53375,35.01130,29.172,1.304
-0.14378,28.11558,24.297,0.972
-0.54238,15.53805,29.280,1.311
-0.81658,7.75132,31.875,1.487
-0.87328,-2.57808,19.908,0.674
-0.71068,-12.22197,25.477,1.052
-0.51870,-14.76071,28.482,1.257
0.20565,-27.36847,25.071,1.025
1.16468,-37.67696,35.000,1.700
2.50701,-51.17468,35.000,1.700
3.01913,-16.86160,31.077,1.433
2.44726,30.27339,35.000,1.700
1.20486,61.96252,35.000,1.700
0.13056,47.57606,24.132,0.961
-0.65413,34.23397,30.677,1.406
-1.26719,23.30840,35.000,1.700
-1.22974,-5.75652,22.500,0.850
-0.60985,-31.53773,30.123,1.368
0.25540,-35.21755,25.693,1.067
1.09300,-33.79400,35.000,1.700
2.20069,-41.50806,35.000,1.700
2.34983,-1.88644,22.500,0.850
1.35979,46.53983,35.000,1.700
0.47502,38.63176,28.438,1.254
-0.43509,37.87865,27.939,1.220
-1.13489,28.04103,35.000,1.700
-1.55378,13.25749,35.000,1.700
-1.32121,-15.18762,28.985,1.291
-1.13364,-15.90899,29.886,1.352
-1.09866,-9.60569,22.500,0.850
-1.14497,-5.32130,22.500,0.850
-1.26142,-1.91384,22.500,0.850
-1.45152,1.41386,22.500,0.850
-1.70648,4.28698,22.500,0.850
-2.03213,7.24469,35.000,1.700
-2.27712,2.35556,22.500,0.850
-2.68162,9.40158,35.000,1.700
-3.06363,6.83745,35.000,1.700
-2.85767,-17.68823,32.110,1.503
-2.19160,-38.07750,35.000,1.700
-1.69832,-32.35025,35.000,1.700
-1.39484,-23.20300,35.000,1.700
-1.48231,-6.00379,22.500,0.850
-1.80193,5.69510,35.000,1.700
-2.20221,8.84101,35.000,1.700
-2.84353,18.05435,35.000,1.700
-2.88766,-6.05519,22.500,0.850
-2.24195,-34.64582,35.000,1.700
-1.83721,-28.53513,35.000,1.700
-1.58799,-20.88696,35.000,1.700
-1.42735,-16.04726,30.059,1.364
-1.40852,-9.45793,22.500,0.850
-1.43348,-6.53180,22.500,0.850
-1.48204,-5.16839,22.500,0.850
-1.67772,0.86651,22.500,0.850
-2.00381,8.73855,35.000,1.700
-2.50128,21.64644,35.000,1.700
-2.04983,-13.72882,27.161,1.167
-0.85102,-50.69791,33.138,1.573
0.25805,-47.34544,25.726,1.069
1.39767,-47.58664,35.000,1.700
2.37420,-37.16428,35.000,1.700
1.93959,22.26093,35.000,1.700
0.70624,59.77256,31.328,1.450
-0.27490,43.33569,25.936,1.084
-0.58268,13.68375,29.783,1.345
-0.86704,7.81365,32.611,1.538
-1.12625,5.38757,35.000,1.700
-1.40294,5.15053,35.000,1.700
-1.76004,7.81436,35.000,1.700
-1.88822,4.85030,22.500,0.850
-1.72863,-5.41379,22.500,0.850
-1.76836,0.50667,22.500,0.850
-1.92211,6.25130,35.000,1.700
-1.95028,2.37712,22.500,0.850
-1.74447,-7.75731,22.500,0.850
-1.68964,-3.74449,22.500,0.850
-1.76401,2.22573,22.500,0.850
-1.77867,1.03190,22.500,0.850
-1.77205,-0.05850,22.500,0.850
-1.74919,-0.92611,22.500,0.850
-1.70936,-1.77861,22.500,0.850
-1.65871,-2.38150,22.500,0.850
-1.59504,-3.02315,22.500,0.850
-1.51281,-3.89380,22.500,0.850
-1.40852,-4.95043,22.500,0.850
-1.27853,-6.18953,22.500,0.850
-1.12095,-7.54128,22.500,0.850
-0.93144,-9.08857,22.500,0.850
-0.70881,-10.72302,23.657,0.929
-0.44930,-12.52493,26.430,1.117
-0.03324,-14.68025,23.235,0.900
0.44931,-17.20932,28.116,1.232
1.00820,-19.60495,34.506,1.666
1.67918,-22.73837,35.000,1.700
2.34383,-21.48184,35.000,1.700
2.83767,-13.24638,26.558,1.126
3.21515,-8.48720,22.500,0.850
3.80270,-16.51960,30.649,1.404
4.55266,-21.34815,35.000,1.700
4.93648,-5.75029,22.500,0.850
4.38271,31.66094,35.000,1.700
3.73968,41.82209,35.000,1.700
3.00557,45.33336,35.000,1.700
2.73947,25.59277,35.000,1.700
2.84684,8.02467,35.000,1.700
3.30741,-7.49525,22.500,0.850
3.78293,-12.05586,25.070,1.025
4.51051,-21.33128,35.000,1.700
4.63678,4.55487,22.500,0.850
3.77969,45.01149,35.000,1.700
2.95939,49.19997,35.000,1.700
2.20747,45.35342,35.000,1.700
1.72476,32.73999,35.000,1.700
1.41387,23.59166,35.000,1.700
1.08874,22.58613,35.000,1.700
0.74611,13.78503,31.375,1.453
0.81916,4.29831,16.250,0.425
0.86364,4.05734,17.254,0.493
1.05200,-1.66940,22.500,0.850
1.30203,-4.61834,22.500,0.850
1.56390,-6.53354,22.500,0.850
1.80911,-11.11488,23.894,0.945
2.12652,-14.91974,28.650,1.268
2.26910,-8.68681,22.500,0.850
2.06539,6.41077,35.000,1.700
1.89424,8.12809,35.000,1.700
1.56023,14.98636,35.000,1.700
0.98166,26.13976,34.771,1.684
0.01353,39.06297,22.669,0.861
-1.13219,47.47525,35.000,1.700
-1.96453,31.89051,35.000,1.700
-1.90775,-6.93464,22.500,0.850
-1.67833,-16.93024,31.163,1.439
-2.07354,6.55044,35.000,1.700
-2.74010,19.06693,35.000,1.700
-3.13626,8.32268,35.000,1.700
-2.65513,-28.67160,35.000,1.700
-1.88606,-43.25154,35.000,1.700
-1.30310,-27.20799,35.000,1.700
-1.22175,-4.30852,22.500,0.850
-1.83888,18.17523,35.000,1.700
-2.64998,26.54306,35.000,1.700
-3.01371,8.00801,35.000,1.700
-2.45917,-31.41080,35.000,1.700
-1.58349,-47.43870,35.000,1.700
-0.62006,-42.30059,30.251,1.377
0.10516,-30.96750,23.815,0.939
0.58083,-19.15047,29.760,1.344
0.64206,0.41281,18.026,0.546
0.46840,11.99839,28.355,1.248
-0.23866,26.23780,25.483,1.053
-1.34514,43.32115,35.000,1.700
-2.17514,30.94473,35.000,1.700
-2.40761,4.13262,22.500,0.850
-2.22628,-13.91673,27.396,1.183
-2.41912,-1.84419,22.500,0.850
-2.97660,14.70248,35.000,1.700
-3.15495,-1.30654,22.500,0.850
-3.53459,6.77267,35.000,1.700
-3.53254,-10.43572,23.045,0.887
-3.10490,-27.46964,35.000,1.700
-2.87471,-22.42505,35.000,1.700
-2.82743,-14.12763,27.660,1.201
-3.05527,-1.39564,22.500,0.850
-3.54025,11.09306,35.000,1.700
-3.84132,2.14294,22.500,0.850
-3.17358,-28.85013,35.000,1.700
-2.42014,-35.90762,35.000,1.700
-1.68992,-36.39042,35.000,1.700
-0.96653,-31.71385,34.582,1.672
-0.35698,-25.30734,26.962,1.153
-0.07121,-11.07586,23.424,0.913
0.13441,-5.62860,22.500,0.850
0.28601,-2.41329,14.450,0.303
0.17468,8.58719,24.948,1.016
-0.16366,10.66136,24.546,0.989
-0.64866,16.38820,30.565,1.398
-1.13445,16.03041,35.000,1.700
-1.95905,28.19749,35.000,1.700
-2.33351,15.48491,35.000,1.700
-1.90737,-13.94864,27.436,1.186
-0.82438,-46.10927,32.805,1.551
0.14212,-41.11136,24.277,0.971
1.02986,-37.02109,35.000,1.700
1.83544,-29.89069,35.000,1.700
1.71427,9.48384,35.000,1.700
0.49993,57.20656,28.749,1.275
-0.81278,56.40872,32.660,1.541
-1.82745,41.34863,35.000,1.700
-1.96970,2.30444,22.500,0.850
-1.21985,-36.40270,35.000,1.700
-0.46256,-32.17627,28.282,1.243
0.07670,-22.18936,23.459,0.915
0.50978,-16.20649,28.872,1.283
0.92505,-13.56803,26.960,1.153
1.15557,-5.37438,22.500,0.850
1.26700,0.48299,22.500,0.850
1.22952,7.47596,35.000,1.700
1.15605,10.43683,35.000,1.700
0.72642,24.85959,31.580,1.467
-0.24197,38.61911,25.525,1.056
-1.24216,40.82532,35.000,1.700
-2.04316,29.71263,35.000,1.700
-2.18389,0.58171,22.500,0.850
-1.43875,-36.74117,35.000,1.700
-0.67237,-32.99313,30.905,1.422
-0.22937,-18.54552,25.367,1.045
0.09414,-11.56005,23.754,0.935
0.42786,-10.59792,23.683,0.930
0.38121,5.18498,28.750,1.275
0.19885,12.92016,25.241,1.036
-0.39206,21.41284,27.401,1.183
-1.19863,30.23080,35.000,1.700
-1.77942,19.84767,35.000,1.700
-2.17093,10.05452,35.000,1.700
-1.89686,-18.36731,32.959,1.561
-1.32821,-32.61237,35.000,1.700
-0.71506,-26.20945,31.438,1.458
-0.28964,-17.04995,26.140,1.098
-0.10780,-5.72679,22.500,0.850
-0.09550,2.84778,12.270,0.154
-0.51793,13.02710,28.974,1.290
-1.06528,18.41669,35.000,1.700
-1.81843,25.72594,35.000,1.700
-1.67355,-3.31164,22.500,0.850
-1.23129,-18.35286,32.941,1.560
-1.05270,-10.81423,23.518,0.919
-1.13290,1.04519,22.500,0.850
-1.39485,10.68715,35.000,1.700
-1.82286,19.25796,35.000,1.700
-1.66327,-2.53231,22.500,0.850
-1.10052,-23.01640,35.000,1.700
-0.71889,-15.48335,29.354,1.316
-0.71658,-7.57412,22.500,0.850
-0.73311,-0.85372,19.164,0.623
-0.71593,-0.85779,18.949,0.609
-0.66411,-2.24455,17.766,0.528
-0.55565,-4.78713,16.250,0.425
-0.38352,-7.84263,22.500,0.850
-0.14880,-10.95750,23.764,0.936
0.26724,-14.11644,26.404,1.115
0.77288,-17.45634,31.820,1.484
1.39272,-21.18575,35.000,1.700
2.09827,-23.49616,35.000,1.700
2.81972,-23.03751,35.000,1.700
3.04129,-1.61882,22.500,0.850
2.86355,14.93505,35.000,1.700
3.26202,-4.52889,22.500,0.850
4.11428,-26.44184,35.000,1.700
5.00124,-26.89216,35.000,1.700
4.72486,19.54598,35.000,1.700
3.60894,60.08687,35.000,1.700
1.93981,84.44894,35.000,1.700
0.65277,59.90317,30.660,1.405
0.28880,18.69795,26.110,1.095
0.49102,-9.40538,22.500,0.850
1.23123,-26.10162,35.000,1.700
2.27255,-37.76301,35.000,1.700
2.87003,-19.28031,34.100,1.639
2.94069,4.71479,22.500,0.850
2.37385,31.34839,35.000,1.700
2.17251,20.29577,35.000,1.700
2.24235,7.87709,35.000,1.700
2.57137,-3.69215,22.500,0.850
3.11820,-14.94182,28.677,1.270
3.68636,-15.46578,29.332,1.315
3.87693,0.62426,22.500,0.850
3.76369,13.72290,35.000,1.700
3.62008,18.73813,35.000,1.700
3.38873,22.51530,35.000,1.700
3.08332,22.89924,35.000,1.700
2.76318,17.38537,35.000,1.700
2.62524,8.99487,35.000,1.700
2.59967,2.82194,22.500,0.850
2.73921,-5.01740,22.500,0.850
3.01438,-12.01039,25.013,1.021
3.44895,-19.78456,34.731,1.682
3.44424,-3.76888,22.500,0.850
2.58748,33.51677,35.000,1.700
1.99353,30.46119,35.000,1.700
1.49434,26.06009,35.000,1.700
1.11379,20.43417,35.000,1.700
0.74604,18.79648,31.826,1.484
0.32857,15.88034,26.981,1.155
-0.05666,13.71794,23.534,0.920
-0.53638,16.81896,29.205,1.306
-1.22777,24.62320,35.000,1.700
-1.66342,13.38365,35.000,1.700
-1.32067,-19.79000,34.737,1.682
-0.58975,-38.23177,29.872,1.351
0.43707,-42.51258,27.963,1.222
1.50178,-43.25222,35.000,1.700
1.98040,-16.58381,30.730,1.410
1.95708,6.55031,35.000,1.700
1.79383,15.31250,35.000,1.700
1.70130,8.81592,35.000,1.700
1.69472,2.02615,22.500,0.850
1.72426,-0.77625,22.500,0.850
1.85438,-5.36013,22.500,0.850
2.01184,-7.37014,22.500,0.850
2.13372,-6.34942,22.500,0.850
2.29359,-7.66452,22.500,0.850
2.54287,-11.50424,24.380,0.978
2.97417,-19.55289,34.441,1.662
2.71360,6.51218,35.000,1.700
1.72088,41.01118,35.000,1.700
0.72131,43.31715,31.516,1.463
-0.11981,35.74481,23.998,0.952
-0.83210,29.28133,32.901,1.557
-1.33010,17.45449,35.000,1.700
-1.19045,-10.59544,23.244,0.901
-0.96054,-16.65275,30.816,1.415
-1.09762,-2.52726,22.500,0.850
-1.28354,1.35273,22.500,0.850
-1.52661,4.00794,22.500,0.850
-1.82742,6.42783,35.000,1.700
-2.12386,4.71730,22.500,0.850
-2.44330,6.55126,35.000,1.700
-2.84085,7.60275,35.000,1.700
-2.71134,-14.12400,27.655,1.201
-2.13773,-33.27798,35.000,1.700
-1.90329,-21.37799,35.000,1.700
-1.93683,-8.93261,22.500,0.850
-2.17923,1.59997,22.500,0.850
